,dist_code,district,month,documents_registered_cnt,documents_registered_rev,estamps_challans_cnt,estamps_challans_rev
0,19_1,Adilabad,2019-04-01,1043.0,12672655.0,0.0,0.0
1,19_1,Adilabad,2019-05-01,1092.0,15177385.0,0.0,0.0
2,19_1,Adilabad,2019-06-01,824.0,11443194.0,0.0,0.0
3,19_1,Adilabad,2019-07-01,1186.0,17853370.0,0.0,0.0
4,19_1,Adilabad,2019-08-01,1124.0,14955291.0,0.0,0.0
5,19_1,Adilabad,2019-09-01,801.0,15818167.0,0.0,0.0
6,19_1,Adilabad,2019-10-01,881.0,10277285.0,0.0,0.0
7,19_1,Adilabad,2019-11-01,900.0,14256963.0,0.0,0.0
8,19_1,Adilabad,2019-12-01,1173.0,17703534.0,0.0,0.0
9,19_1,Adilabad,2020-01-01,950.0,14521521.0,0.0,0.0
10,19_1,Adilabad,2020-02-01,1473.0,18929772.0,0.0,0.0
11,19_1,Adilabad,2020-03-01,1105.0,14473096.0,0.0,0.0
12,19_1,Adilabad,2020-04-01,9.0,107295.0,0.0,0.0
13,19_1,Adilabad,2020-05-01,858.0,11400504.0,0.0,0.0
14,19_1,Adilabad,2020-06-01,1655.0,19995210.0,0.0,0.0
15,19_1,Adilabad,2020-07-01,1519.0,17391525.0,0.0,0.0
16,19_1,Adilabad,2020-08-01,1050.0,15949571.0,0.0,0.0
17,19_1,Adilabad,2020-09-01,210.0,3107344.0,0.0,0.0
18,19_1,Adilabad,2020-10-01,2.0,2200.0,0.0,0.0
19,19_1,Adilabad,2020-11-01,1.0,1100.0,0.0,0.0
20,19_1,Adilabad,2020-12-01,371.0,12503383.0,463.0,15525053.0
21,19_1,Adilabad,2021-01-01,1952.0,38551614.0,1967.0,38359371.0
22,19_1,Adilabad,2021-02-01,1386.0,24286523.0,1411.0,22399667.0
23,19_1,Adilabad,2021-03-01,1517.0,24666605.0,1550.0,31751084.0
24,19_1,Adilabad,2021-04-01,959.0,21996377.0,1056.0,16773745.0
25,19_1,Adilabad,2021-05-01,284.0,5482999.0,239.0,5026531.0
26,19_1,Adilabad,2021-06-01,1088.0,17827544.0,2045.0,18942852.0
27,19_1,Adilabad,2021-07-01,954.0,24147947.0,1557.0,23725423.0
28,19_1,Adilabad,2021-08-01,847.0,25608861.0,1014.0,28090487.0
29,19_1,Adilabad,2021-10-01,1297.0,53133516.0,1351.0,53889596.0
30,19_1,Adilabad,2021-11-01,1038.0,27833366.0,1123.0,31049706.0
31,19_1,Adilabad,2021-12-01,1485.0,40220723.0,1535.0,38525942.0
32,19_1,Adilabad,2022-01-01,912.0,34039364.0,1106.0,42235839.0
33,19_1,Adilabad,2022-02-01,1012.0,36168146.0,994.0,29696344.0
34,19_1,Adilabad,2022-03-01,1155.0,37626696.0,1317.0,44640572.0
35,19_1,Adilabad,2022-04-01,762.0,27857363.0,727.0,21849707.0
36,19_1,Adilabad,2022-05-01,763.0,34705198.0,808.0,30146408.0
37,19_1,Adilabad,2022-06-01,893.0,33061858.0,908.0,32457758.0
38,19_1,Adilabad,2022-07-01,684.0,21754906.0,720.0,22687621.0
39,19_1,Adilabad,2022-08-01,619.0,22973172.0,648.0,23303967.0
40,19_1,Adilabad,2022-09-01,961.0,31843177.0,1077.0,33272956.0
41,19_1,Adilabad,2022-10-01,804.0,25801418.0,795.0,26421001.0
42,19_1,Adilabad,2022-11-01,946.0,33759529.0,1038.0,35119462.0
43,19_1,Adilabad,2022-12-01,1212.0,42679882.0,1271.0,43190728.0
44,19_1,Adilabad,2023-01-01,1050.0,36387664.0,1062.0,36546433.0
45,19_1,Adilabad,2023-02-01,1030.0,40576830.0,1098.0,40937396.0
46,19_1,Adilabad,2023-03-01,1388.0,45439848.0,1407.0,44472607.0
47,22_2,Bhadradri Kothagudem,2019-04-01,542.0,12610700.0,0.0,0.0
48,22_2,Bhadradri Kothagudem,2019-05-01,782.0,12779175.0,0.0,0.0
49,22_2,Bhadradri Kothagudem,2019-06-01,705.0,13006275.0,0.0,0.0
50,22_2,Bhadradri Kothagudem,2019-07-01,708.0,13359678.0,0.0,0.0
51,22_2,Bhadradri Kothagudem,2019-08-01,833.0,15008087.0,0.0,0.0
52,22_2,Bhadradri Kothagudem,2019-09-01,611.0,11952990.0,0.0,0.0
53,22_2,Bhadradri Kothagudem,2019-10-01,712.0,12677945.0,0.0,0.0
54,22_2,Bhadradri Kothagudem,2019-11-01,510.0,11605895.0,0.0,0.0
55,22_2,Bhadradri Kothagudem,2019-12-01,557.0,12473935.0,0.0,0.0
56,22_2,Bhadradri Kothagudem,2020-01-01,464.0,12467121.0,0.0,0.0
57,22_2,Bhadradri Kothagudem,2020-02-01,586.0,13411321.0,0.0,0.0
58,22_2,Bhadradri Kothagudem,2020-03-01,478.0,21113825.0,0.0,0.0
59,22_2,Bhadradri Kothagudem,2020-04-01,18.0,719375.0,0.0,0.0
60,22_2,Bhadradri Kothagudem,2020-05-01,310.0,7120075.0,0.0,0.0
61,22_2,Bhadradri Kothagudem,2020-06-01,1158.0,21166606.0,0.0,0.0
62,22_2,Bhadradri Kothagudem,2020-07-01,1050.0,12263135.0,0.0,0.0
63,22_2,Bhadradri Kothagudem,2020-08-01,505.0,10083170.0,0.0,0.0
64,22_2,Bhadradri Kothagudem,2020-09-01,412.0,4692187.0,0.0,0.0
65,22_2,Bhadradri Kothagudem,2020-10-01,19.0,20900.0,0.0,0.0
66,22_2,Bhadradri Kothagudem,2020-11-01,10.0,12000.0,0.0,0.0
67,22_2,Bhadradri Kothagudem,2020-12-01,270.0,11532231.0,329.0,13133485.0
68,22_2,Bhadradri Kothagudem,2021-01-01,803.0,19858466.0,1024.0,23814628.0
69,22_2,Bhadradri Kothagudem,2021-02-01,1028.0,23092812.0,930.0,20093919.0
70,22_2,Bhadradri Kothagudem,2021-03-01,879.0,17503836.0,920.0,18245061.0
71,22_2,Bhadradri Kothagudem,2021-04-01,818.0,12796195.0,985.0,13743476.0
72,22_2,Bhadradri Kothagudem,2021-05-01,467.0,7491966.0,343.0,5194282.0
73,22_2,Bhadradri Kothagudem,2021-06-01,514.0,14130043.0,647.0,15830461.0
74,22_2,Bhadradri Kothagudem,2021-07-01,730.0,22337496.0,831.0,23630913.0
75,22_2,Bhadradri Kothagudem,2021-08-01,955.0,22741421.0,984.0,21271566.0
76,22_2,Bhadradri Kothagudem,2021-10-01,724.0,22282163.0,892.0,24861508.0
77,22_2,Bhadradri Kothagudem,2021-11-01,998.0,24688113.0,961.0,27893170.0
78,22_2,Bhadradri Kothagudem,2021-12-01,698.0,30121238.0,762.0,31991198.0
79,22_2,Bhadradri Kothagudem,2022-01-01,1068.0,32400076.0,1314.0,31103873.0
80,22_2,Bhadradri Kothagudem,2022-02-01,956.0,22684755.0,1040.0,27266010.0
81,22_2,Bhadradri Kothagudem,2022-03-01,1247.0,29864010.0,1502.0,31592970.0
82,22_2,Bhadradri Kothagudem,2022-04-01,1079.0,35456569.0,657.0,27823990.0
83,22_2,Bhadradri Kothagudem,2022-05-01,580.0,23083026.0,603.0,24358891.0
84,22_2,Bhadradri Kothagudem,2022-06-01,551.0,30536426.0,609.0,30610762.0
85,22_2,Bhadradri Kothagudem,2022-07-01,472.0,23931453.0,478.0,24760656.0
86,22_2,Bhadradri Kothagudem,2022-08-01,390.0,18804464.0,384.0,17356516.0
87,22_2,Bhadradri Kothagudem,2022-09-01,450.0,23301088.0,480.0,23708403.0
88,22_2,Bhadradri Kothagudem,2022-10-01,466.0,23380209.0,484.0,22733474.0
89,22_2,Bhadradri Kothagudem,2022-11-01,440.0,20562065.0,465.0,21995310.0
90,22_2,Bhadradri Kothagudem,2022-12-01,528.0,25594836.0,550.0,22667405.0
91,22_2,Bhadradri Kothagudem,2023-01-01,558.0,24538850.0,607.0,26076335.0
92,22_2,Bhadradri Kothagudem,2023-02-01,462.0,24758816.0,463.0,21797881.0
93,22_2,Bhadradri Kothagudem,2023-03-01,1255.0,18695648.0,1566.0,22453502.0
94,21_1,Hanumakonda,2019-04-01,4186.0,120047007.0,0.0,0.0
95,21_1,Hanumakonda,2019-05-01,5395.0,151385340.0,0.0,0.0
96,21_1,Hanumakonda,2019-06-01,4541.0,141468882.0,0.0,0.0
97,21_1,Hanumakonda,2019-07-01,5892.0,152570326.0,0.0,0.0
98,21_1,Hanumakonda,2019-08-01,4997.0,135863416.0,0.0,0.0
99,21_1,Hanumakonda,2019-09-01,4960.0,135703564.0,0.0,0.0
100,21_1,Hanumakonda,2019-10-01,4847.0,143239985.0,0.0,0.0
101,21_1,Hanumakonda,2019-11-01,4876.0,137448091.0,0.0,0.0
102,21_1,Hanumakonda,2019-12-01,5440.0,163289204.0,0.0,0.0
103,21_1,Hanumakonda,2020-01-01,5252.0,163242605.0,0.0,0.0
104,21_1,Hanumakonda,2020-02-01,5856.0,177104500.0,0.0,0.0
105,21_1,Hanumakonda,2020-03-01,4506.0,116917458.0,0.0,0.0
106,21_1,Hanumakonda,2020-04-01,308.0,8877215.0,0.0,0.0
107,21_1,Hanumakonda,2020-05-01,3197.0,103593555.0,0.0,0.0
108,21_1,Hanumakonda,2020-06-01,5563.0,136723925.0,0.0,0.0
109,21_1,Hanumakonda,2020-07-01,4673.0,140883295.0,0.0,0.0
110,21_1,Hanumakonda,2020-08-01,3586.0,100402366.0,0.0,0.0
111,21_1,Hanumakonda,2020-09-01,895.0,23888325.0,0.0,0.0
112,21_1,Hanumakonda,2020-10-01,23.0,25440.0,0.0,0.0
113,21_1,Hanumakonda,2020-11-01,17.0,18700.0,0.0,0.0
114,21_1,Hanumakonda,2020-12-01,1775.0,101218608.0,2174.0,126286106.0
115,21_1,Hanumakonda,2021-01-01,5773.0,237398313.0,5969.0,220593379.0
116,21_1,Hanumakonda,2021-02-01,6344.0,232297899.0,6436.0,220605678.0
117,21_1,Hanumakonda,2021-03-01,6207.0,208838865.0,6613.0,223960753.0
118,21_1,Hanumakonda,2021-04-01,4150.0,141041302.0,4372.0,140719627.0
119,21_1,Hanumakonda,2021-05-01,635.0,16859754.0,576.0,18688358.0
120,21_1,Hanumakonda,2021-06-01,3600.0,163961756.0,4244.0,172634527.0
121,21_1,Hanumakonda,2021-07-01,5000.0,205332602.0,5632.0,204547161.0
122,21_1,Hanumakonda,2021-08-01,4090.0,202169425.0,4613.0,209279113.0
123,21_1,Hanumakonda,2021-10-01,3492.0,214491909.0,3760.0,211963276.0
124,21_1,Hanumakonda,2021-11-01,3144.0,174374187.0,3511.0,180127540.0
125,21_1,Hanumakonda,2021-12-01,4299.0,218032538.0,4732.0,216151574.0
126,21_1,Hanumakonda,2022-01-01,4562.0,232096344.0,5460.0,264045590.0
127,21_1,Hanumakonda,2022-02-01,4261.0,237596797.0,4122.0,201110125.0
128,21_1,Hanumakonda,2022-03-01,4984.0,271852015.0,5441.0,293546497.0
129,21_1,Hanumakonda,2022-04-01,4459.0,259104526.0,4787.0,246524662.0
130,21_1,Hanumakonda,2022-05-01,4196.0,243365485.0,4448.0,252150075.0
131,21_1,Hanumakonda,2022-06-01,3897.0,236917721.0,4288.0,229301303.0
132,21_1,Hanumakonda,2022-07-01,4185.0,232096281.0,4566.0,246642854.0
133,21_1,Hanumakonda,2022-08-01,3922.0,239012238.0,4465.0,250566348.0
134,21_1,Hanumakonda,2022-09-01,4268.0,239074293.0,4488.0,232183529.0
135,21_1,Hanumakonda,2022-10-01,3239.0,185221811.0,3517.0,192096503.0
136,21_1,Hanumakonda,2022-11-01,4112.0,243322137.0,4536.0,246494353.0
137,21_1,Hanumakonda,2022-12-01,4610.0,271354580.0,4616.0,256520194.0
138,21_1,Hanumakonda,2023-01-01,3218.0,171784887.0,3851.0,195178409.0
139,21_1,Hanumakonda,2023-02-01,3899.0,216193059.0,3963.0,214433314.0
140,21_1,Hanumakonda,2023-03-01,4321.0,279791569.0,4642.0,284765300.0
141,16_1,Hyderabad,2019-04-01,5268.0,724238098.0,0.0,0.0
142,16_1,Hyderabad,2019-05-01,5210.0,754708131.0,0.0,0.0
143,16_1,Hyderabad,2019-06-01,5015.0,746210249.0,0.0,0.0
144,16_1,Hyderabad,2019-07-01,5573.0,658623385.0,0.0,0.0
145,16_1,Hyderabad,2019-08-01,5956.0,797295938.0,0.0,0.0
146,16_1,Hyderabad,2019-09-01,3910.0,447847595.0,0.0,0.0
147,16_1,Hyderabad,2019-10-01,4603.0,612956204.0,0.0,0.0
148,16_1,Hyderabad,2019-11-01,5071.0,768221659.0,0.0,0.0
149,16_1,Hyderabad,2019-12-01,6061.0,752855272.0,0.0,0.0
150,16_1,Hyderabad,2020-01-01,5293.0,658828489.0,0.0,0.0
151,16_1,Hyderabad,2020-02-01,6187.0,738070176.0,0.0,0.0
152,16_1,Hyderabad,2020-03-01,4552.0,639551082.0,0.0,0.0
153,16_1,Hyderabad,2020-04-01,89.0,16746877.0,0.0,0.0
154,16_1,Hyderabad,2020-05-01,1467.0,195808943.0,0.0,0.0
155,16_1,Hyderabad,2020-06-01,3736.0,474294053.0,0.0,0.0
156,16_1,Hyderabad,2020-07-01,3586.0,444890171.0,0.0,0.0
157,16_1,Hyderabad,2020-08-01,3380.0,448254114.0,0.0,0.0
158,16_1,Hyderabad,2020-09-01,743.0,89569247.0,0.0,0.0
159,16_1,Hyderabad,2020-10-01,189.0,215210.0,0.0,0.0
160,16_1,Hyderabad,2020-11-01,88.0,100800.0,0.0,0.0
161,16_1,Hyderabad,2020-12-01,2997.0,665356234.0,3121.0,648963721.0
162,16_1,Hyderabad,2021-01-01,6473.0,934665789.0,6803.0,908230432.0
163,16_1,Hyderabad,2021-02-01,6584.0,962450342.0,6668.0,907763211.0
164,16_1,Hyderabad,2021-03-01,6347.0,887083310.0,6890.0,919447441.0
165,16_1,Hyderabad,2021-04-01,4406.0,682848285.0,4595.0,682010609.0
166,16_1,Hyderabad,2021-05-01,1074.0,147110463.0,1038.0,131457662.0
167,16_1,Hyderabad,2021-06-01,4210.0,674274892.0,4776.0,762319760.0
168,16_1,Hyderabad,2021-07-01,6252.0,1189609992.0,6891.0,1274721234.0
169,16_1,Hyderabad,2021-08-01,4890.0,934405550.0,5266.0,882327191.0
170,16_1,Hyderabad,2021-10-01,4802.0,1067410975.0,5429.0,1089718097.0
171,16_1,Hyderabad,2021-11-01,5114.0,1067020226.0,5672.0,1104141226.0
172,16_1,Hyderabad,2021-12-01,6405.0,1318851223.0,6892.0,1281279530.0
173,16_1,Hyderabad,2022-01-01,6399.0,1441794229.0,7064.0,1505730143.0
174,16_1,Hyderabad,2022-02-01,4957.0,1019440778.0,5451.0,975133672.0
175,16_1,Hyderabad,2022-03-01,5768.0,1169123561.0,6445.0,1204838825.0
176,16_1,Hyderabad,2022-04-01,4771.0,1211822842.0,5070.0,1178763492.0
177,16_1,Hyderabad,2022-05-01,5099.0,1021460609.0,5693.0,1087823055.0
178,16_1,Hyderabad,2022-06-01,5581.0,1098145933.0,6114.0,1095798340.0
179,16_1,Hyderabad,2022-07-01,5214.0,1008152412.0,5610.0,1020993124.0
180,16_1,Hyderabad,2022-08-01,5193.0,1152834266.0,5723.0,1168086723.0
181,16_1,Hyderabad,2022-09-01,5469.0,1079444350.0,5842.0,1087686732.0
182,16_1,Hyderabad,2022-10-01,4778.0,1094374121.0,5156.0,1084103286.0
183,16_1,Hyderabad,2022-11-01,5292.0,1208056701.0,5731.0,1220973752.0
184,16_1,Hyderabad,2022-12-01,5898.0,1355787536.0,6308.0,1329150331.0
185,16_1,Hyderabad,2023-01-01,4899.0,1084721163.0,5351.0,1135867189.0
186,16_1,Hyderabad,2023-02-01,5215.0,1111618896.0,5578.0,1116823805.0
187,16_1,Hyderabad,2023-03-01,5706.0,1839593612.0,6223.0,1848245203.0
188,20_2,Jagtial,2019-04-01,1943.0,26031616.0,0.0,0.0
189,20_2,Jagtial,2019-05-01,2312.0,29341793.0,0.0,0.0
190,20_2,Jagtial,2019-06-01,2672.0,32368172.0,0.0,0.0
191,20_2,Jagtial,2019-07-01,3106.0,35101355.0,0.0,0.0
192,20_2,Jagtial,2019-08-01,2497.0,32248561.0,0.0,0.0
193,20_2,Jagtial,2019-09-01,2478.0,26907074.0,0.0,0.0
194,20_2,Jagtial,2019-10-01,2180.0,24713520.0,0.0,0.0
195,20_2,Jagtial,2019-11-01,2020.0,27837785.0,0.0,0.0
196,20_2,Jagtial,2019-12-01,2681.0,33031207.0,0.0,0.0
197,20_2,Jagtial,2020-01-01,2205.0,26984780.0,0.0,0.0
198,20_2,Jagtial,2020-02-01,2720.0,35896456.0,0.0,0.0
199,20_2,Jagtial,2020-03-01,2014.0,26747225.0,0.0,0.0
200,20_2,Jagtial,2020-04-01,158.0,1151995.0,0.0,0.0
201,20_2,Jagtial,2020-05-01,1557.0,21758258.0,0.0,0.0
202,20_2,Jagtial,2020-06-01,2861.0,37040260.0,0.0,0.0
203,20_2,Jagtial,2020-07-01,2287.0,31524458.0,0.0,0.0
204,20_2,Jagtial,2020-08-01,1678.0,19612368.0,0.0,0.0
205,20_2,Jagtial,2020-09-01,739.0,6131140.0,0.0,0.0
206,20_2,Jagtial,2020-10-01,11.0,12100.0,0.0,0.0
207,20_2,Jagtial,2020-11-01,5.0,7500.0,0.0,0.0
208,20_2,Jagtial,2020-12-01,344.0,7789379.0,416.0,9773232.0
209,20_2,Jagtial,2021-01-01,1828.0,33896496.0,1881.0,33398373.0
210,20_2,Jagtial,2021-02-01,2102.0,41016225.0,2096.0,41712838.0
211,20_2,Jagtial,2021-03-01,2032.0,39405081.0,2075.0,38401196.0
212,20_2,Jagtial,2021-04-01,1300.0,25835461.0,1301.0,25806876.0
213,20_2,Jagtial,2021-05-01,244.0,4743434.0,246.0,4568479.0
214,20_2,Jagtial,2021-06-01,1185.0,25505798.0,1309.0,27480640.0
215,20_2,Jagtial,2021-07-01,1697.0,39225545.0,1789.0,39518482.0
216,20_2,Jagtial,2021-08-01,1440.0,39375784.0,1510.0,38376257.0
217,20_2,Jagtial,2021-10-01,1463.0,49752658.0,1493.0,51568617.0
218,20_2,Jagtial,2021-11-01,1270.0,36626576.0,1354.0,36884199.0
219,20_2,Jagtial,2021-12-01,1724.0,50518882.0,1707.0,48460675.0
220,20_2,Jagtial,2022-01-01,2003.0,66055855.0,2282.0,73044624.0
221,20_2,Jagtial,2022-02-01,1556.0,46134368.0,1445.0,39661362.0
222,20_2,Jagtial,2022-03-01,1816.0,56853606.0,1896.0,58345086.0
223,20_2,Jagtial,2022-04-01,1366.0,44513775.0,1399.0,45240512.0
224,20_2,Jagtial,2022-05-01,1639.0,53618990.0,1680.0,54330667.0
225,20_2,Jagtial,2022-06-01,1515.0,50572152.0,1583.0,52524470.0
226,20_2,Jagtial,2022-07-01,1403.0,43309810.0,1442.0,44095103.0
227,20_2,Jagtial,2022-08-01,1520.0,52656759.0,1512.0,49874381.0
228,20_2,Jagtial,2022-09-01,1601.0,50871116.0,1579.0,50155036.0
229,20_2,Jagtial,2022-10-01,1461.0,43140709.0,1514.0,46136692.0
230,20_2,Jagtial,2022-11-01,1763.0,52234818.0,1772.0,52835550.0
231,20_2,Jagtial,2022-12-01,2037.0,64542761.0,2014.0,63434536.0
232,20_2,Jagtial,2023-01-01,1692.0,50644161.0,1806.0,53789297.0
233,20_2,Jagtial,2023-02-01,1935.0,58590128.0,1954.0,59608627.0
234,20_2,Jagtial,2023-03-01,2067.0,64203357.0,2113.0,63592151.0
235,21_3,Jangoan,2019-04-01,2372.0,30706161.0,0.0,0.0
236,21_3,Jangoan,2019-05-01,2968.0,38073544.0,0.0,0.0
237,21_3,Jangoan,2019-06-01,2766.0,34975070.0,0.0,0.0
238,21_3,Jangoan,2019-07-01,3210.0,38094533.0,0.0,0.0
239,21_3,Jangoan,2019-08-01,2920.0,35046121.0,0.0,0.0
240,21_3,Jangoan,2019-09-01,2452.0,30412836.0,0.0,0.0
241,21_3,Jangoan,2019-10-01,2302.0,28389435.0,0.0,0.0
242,21_3,Jangoan,2019-11-01,2192.0,63537802.0,0.0,0.0
243,21_3,Jangoan,2019-12-01,2604.0,31042865.0,0.0,0.0
244,21_3,Jangoan,2020-01-01,2216.0,25500870.0,0.0,0.0
245,21_3,Jangoan,2020-02-01,2751.0,32313940.0,0.0,0.0
246,21_3,Jangoan,2020-03-01,2047.0,21392237.0,0.0,0.0
247,21_3,Jangoan,2020-04-01,27.0,259770.0,0.0,0.0
248,21_3,Jangoan,2020-05-01,1642.0,18028360.0,0.0,0.0
249,21_3,Jangoan,2020-06-01,2669.0,24731636.0,0.0,0.0
250,21_3,Jangoan,2020-07-01,2626.0,24846073.0,0.0,0.0
251,21_3,Jangoan,2020-08-01,1943.0,20663415.0,0.0,0.0
252,21_3,Jangoan,2020-09-01,476.0,4925129.0,0.0,0.0
253,21_3,Jangoan,2020-10-01,0.0,0.0,0.0,0.0
254,21_3,Jangoan,2020-11-01,0.0,0.0,0.0,0.0
255,21_3,Jangoan,2020-12-01,334.0,7872988.0,365.0,12288108.0
256,21_3,Jangoan,2021-01-01,1444.0,30147574.0,1549.0,26590807.0
257,21_3,Jangoan,2021-02-01,1649.0,26715409.0,1679.0,25858843.0
258,21_3,Jangoan,2021-03-01,2067.0,28609497.0,2129.0,30719167.0
259,21_3,Jangoan,2021-04-01,1178.0,19237074.0,1224.0,18540114.0
260,21_3,Jangoan,2021-05-01,189.0,2806900.0,162.0,2385470.0
261,21_3,Jangoan,2021-06-01,920.0,16105494.0,1033.0,18038464.0
262,21_3,Jangoan,2021-07-01,1072.0,19283392.0,1082.0,19257115.0
263,21_3,Jangoan,2021-08-01,861.0,19007378.0,894.0,18586944.0
264,21_3,Jangoan,2021-10-01,910.0,22237418.0,973.0,20877348.0
265,21_3,Jangoan,2021-11-01,838.0,16587508.0,916.0,17645342.0
266,21_3,Jangoan,2021-12-01,1169.0,27514562.0,1142.0,26379563.0
267,21_3,Jangoan,2022-01-01,1396.0,34236444.0,1753.0,44214497.0
268,21_3,Jangoan,2022-02-01,1536.0,39745172.0,1390.0,34906794.0
269,21_3,Jangoan,2022-03-01,1687.0,43125792.0,1725.0,40827202.0
270,21_3,Jangoan,2022-04-01,1402.0,35414340.0,1456.0,35650777.0
271,21_3,Jangoan,2022-05-01,1665.0,48228858.0,1716.0,47587612.0
272,21_3,Jangoan,2022-06-01,1446.0,37973277.0,1592.0,38580986.0
273,21_3,Jangoan,2022-07-01,1512.0,34217933.0,1500.0,34574800.0
274,21_3,Jangoan,2022-08-01,1504.0,40086249.0,1545.0,40272693.0
275,21_3,Jangoan,2022-09-01,1570.0,40285886.0,1645.0,40852247.0
276,21_3,Jangoan,2022-10-01,1368.0,33980854.0,1379.0,34590659.0
277,21_3,Jangoan,2022-11-01,1602.0,39413505.0,1686.0,42046825.0
278,21_3,Jangoan,2022-12-01,1820.0,43961291.0,1814.0,47717327.0
279,21_3,Jangoan,2023-01-01,1585.0,37768747.0,1672.0,40560447.0
280,21_3,Jangoan,2023-02-01,1599.0,47850586.0,1594.0,37729311.0
281,21_3,Jangoan,2023-03-01,1652.0,34544933.0,1808.0,45606428.0
282,21_7,Jayashankar Bhupalpally,,,,,
283,14_2,Jogulamba Gadwal,2019-04-01,2074.0,17019180.0,0.0,0.0
284,14_2,Jogulamba Gadwal,2019-05-01,2392.0,21224914.0,0.0,0.0
285,14_2,Jogulamba Gadwal,2019-06-01,1753.0,24300464.0,0.0,0.0
286,14_2,Jogulamba Gadwal,2019-07-01,3068.0,22574155.0,0.0,0.0
287,14_2,Jogulamba Gadwal,2019-08-01,2519.0,18515918.0,0.0,0.0
288,14_2,Jogulamba Gadwal,2019-09-01,1968.0,12895743.0,0.0,0.0
289,14_2,Jogulamba Gadwal,2019-10-01,1909.0,15821250.0,0.0,0.0
290,14_2,Jogulamba Gadwal,2019-11-01,1854.0,13905589.0,0.0,0.0
291,14_2,Jogulamba Gadwal,2019-12-01,2027.0,13401500.0,0.0,0.0
292,14_2,Jogulamba Gadwal,2020-01-01,1921.0,17614714.0,0.0,0.0
293,14_2,Jogulamba Gadwal,2020-02-01,2098.0,17880967.0,0.0,0.0
294,14_2,Jogulamba Gadwal,2020-03-01,1928.0,12996208.0,0.0,0.0
295,14_2,Jogulamba Gadwal,2020-04-01,4.0,30615.0,0.0,0.0
296,14_2,Jogulamba Gadwal,2020-05-01,934.0,6993685.0,0.0,0.0
297,14_2,Jogulamba Gadwal,2020-06-01,2794.0,18409579.0,0.0,0.0
298,14_2,Jogulamba Gadwal,2020-07-01,2691.0,17486266.0,0.0,0.0
299,14_2,Jogulamba Gadwal,2020-08-01,2045.0,17556449.0,0.0,0.0
300,14_2,Jogulamba Gadwal,2020-09-01,350.0,3198273.0,0.0,0.0
301,14_2,Jogulamba Gadwal,2020-10-01,1.0,1100.0,0.0,0.0
302,14_2,Jogulamba Gadwal,2020-11-01,1.0,1100.0,0.0,0.0
303,14_2,Jogulamba Gadwal,2020-12-01,500.0,7741152.0,581.0,8329820.0
304,14_2,Jogulamba Gadwal,2021-01-01,3346.0,41289122.0,3561.0,42898294.0
305,14_2,Jogulamba Gadwal,2021-02-01,2537.0,29901052.0,2563.0,27635480.0
306,14_2,Jogulamba Gadwal,2021-03-01,2531.0,26375490.0,2594.0,26484729.0
307,14_2,Jogulamba Gadwal,2021-04-01,2143.0,24154048.0,2130.0,23717258.0
308,14_2,Jogulamba Gadwal,2021-05-01,423.0,5395294.0,475.0,5403462.0
309,14_2,Jogulamba Gadwal,2021-06-01,1664.0,20198618.0,1712.0,21039131.0
310,14_2,Jogulamba Gadwal,2021-07-01,1749.0,26128675.0,1816.0,24517437.0
311,14_2,Jogulamba Gadwal,2021-08-01,1218.0,19959853.0,1269.0,20241078.0
312,14_2,Jogulamba Gadwal,2021-10-01,1397.0,24786547.0,1439.0,24145791.0
313,14_2,Jogulamba Gadwal,2021-11-01,1329.0,21440970.0,1364.0,21543338.0
314,14_2,Jogulamba Gadwal,2021-12-01,1585.0,28565560.0,1670.0,28797342.0
315,14_2,Jogulamba Gadwal,2022-01-01,2215.0,41168334.0,2307.0,41604911.0
316,14_2,Jogulamba Gadwal,2022-02-01,1258.0,24239635.0,1301.0,23196859.0
317,14_2,Jogulamba Gadwal,2022-03-01,1754.0,36638435.0,1805.0,37870009.0
318,14_2,Jogulamba Gadwal,2022-04-01,1530.0,31200400.0,1593.0,31730285.0
319,14_2,Jogulamba Gadwal,2022-05-01,1738.0,30933470.0,1794.0,30749220.0
320,14_2,Jogulamba Gadwal,2022-06-01,1323.0,26789974.0,1333.0,26610044.0
321,14_2,Jogulamba Gadwal,2022-07-01,1314.0,26238211.0,1368.0,26848536.0
322,14_2,Jogulamba Gadwal,2022-08-01,1225.0,23707880.0,1245.0,24189151.0
323,14_2,Jogulamba Gadwal,2022-09-01,1258.0,24576566.0,1309.0,25707246.0
324,14_2,Jogulamba Gadwal,2022-10-01,1099.0,28122749.0,1130.0,27719018.0
325,14_2,Jogulamba Gadwal,2022-11-01,1329.0,25749056.0,1356.0,25037646.0
326,14_2,Jogulamba Gadwal,2022-12-01,1349.0,26168756.0,1386.0,26145714.0
327,14_2,Jogulamba Gadwal,2023-01-01,1286.0,30260131.0,1344.0,31259755.0
328,14_2,Jogulamba Gadwal,2023-02-01,1258.0,26321587.0,1286.0,25878004.0
329,14_2,Jogulamba Gadwal,2023-03-01,1607.0,28900448.0,1641.0,30044795.0
330,18_2,Kamareddy,2019-04-01,2876.0,26367902.0,0.0,0.0
331,18_2,Kamareddy,2019-05-01,3352.0,26907600.0,0.0,0.0
332,18_2,Kamareddy,2019-06-01,3595.0,34889349.0,0.0,0.0
333,18_2,Kamareddy,2019-07-01,3835.0,32920357.0,0.0,0.0
334,18_2,Kamareddy,2019-08-01,2710.0,24438466.0,0.0,0.0
335,18_2,Kamareddy,2019-09-01,3078.0,28949349.0,0.0,0.0
336,18_2,Kamareddy,2019-10-01,2548.0,21200384.0,0.0,0.0
337,18_2,Kamareddy,2019-11-01,2703.0,25998774.0,0.0,0.0
338,18_2,Kamareddy,2019-12-01,3231.0,24296657.0,0.0,0.0
339,18_2,Kamareddy,2020-01-01,3256.0,21360534.0,0.0,0.0
340,18_2,Kamareddy,2020-02-01,3789.0,33422107.0,0.0,0.0
341,18_2,Kamareddy,2020-03-01,2916.0,25385565.0,0.0,0.0
342,18_2,Kamareddy,2020-04-01,21.0,14090.0,0.0,0.0
343,18_2,Kamareddy,2020-05-01,2778.0,18287063.0,0.0,0.0
344,18_2,Kamareddy,2020-06-01,4260.0,30195941.0,0.0,0.0
345,18_2,Kamareddy,2020-07-01,3520.0,24758355.0,0.0,0.0
346,18_2,Kamareddy,2020-08-01,2645.0,19678104.0,0.0,0.0
347,18_2,Kamareddy,2020-09-01,870.0,4818945.0,0.0,0.0
348,18_2,Kamareddy,2020-10-01,2.0,2200.0,0.0,0.0
349,18_2,Kamareddy,2020-11-01,2.0,2200.0,0.0,0.0
350,18_2,Kamareddy,2020-12-01,672.0,18867107.0,760.0,20196835.0
351,18_2,Kamareddy,2021-01-01,2571.0,36514888.0,2718.0,35840670.0
352,18_2,Kamareddy,2021-02-01,2601.0,32015829.0,2613.0,32500843.0
353,18_2,Kamareddy,2021-03-01,2700.0,33325709.0,2830.0,34320137.0
354,18_2,Kamareddy,2021-04-01,2092.0,26448596.0,2110.0,25816135.0
355,18_2,Kamareddy,2021-05-01,333.0,4934615.0,325.0,4392132.0
356,18_2,Kamareddy,2021-06-01,1940.0,26525454.0,2169.0,29840275.0
357,18_2,Kamareddy,2021-07-01,2315.0,42131544.0,2484.0,41047678.0
358,18_2,Kamareddy,2021-08-01,1697.0,35489556.0,1827.0,34963355.0
359,18_2,Kamareddy,2021-10-01,1587.0,35143474.0,1620.0,36337889.0
360,18_2,Kamareddy,2021-11-01,1532.0,34130107.0,1595.0,30866530.0
361,18_2,Kamareddy,2021-12-01,1970.0,49249333.0,1984.0,48736391.0
362,18_2,Kamareddy,2022-01-01,1915.0,40479027.0,2233.0,47730961.0
363,18_2,Kamareddy,2022-02-01,1717.0,41139915.0,1667.0,36301798.0
364,18_2,Kamareddy,2022-03-01,1982.0,44277767.0,2048.0,44434626.0
365,18_2,Kamareddy,2022-04-01,1592.0,40413483.0,1659.0,41078977.0
366,18_2,Kamareddy,2022-05-01,1596.0,37513866.0,1587.0,36639493.0
367,18_2,Kamareddy,2022-06-01,1692.0,43621441.0,1752.0,44791520.0
368,18_2,Kamareddy,2022-07-01,1568.0,39274205.0,1553.0,38517549.0
369,18_2,Kamareddy,2022-08-01,1348.0,39243390.0,1389.0,39388216.0
370,18_2,Kamareddy,2022-09-01,1378.0,35841685.0,1509.0,40324546.0
371,18_2,Kamareddy,2022-10-01,1232.0,29779245.0,1164.0,25421908.0
372,18_2,Kamareddy,2022-11-01,1441.0,36229953.0,1648.0,41366626.0
373,18_2,Kamareddy,2022-12-01,1515.0,40896341.0,1705.0,51494193.0
374,18_2,Kamareddy,2023-01-01,1933.0,56557929.0,1824.0,43654914.0
375,18_2,Kamareddy,2023-02-01,1595.0,37903505.0,1637.0,37903955.0
376,18_2,Kamareddy,2023-03-01,1637.0,34354361.0,1809.0,38612291.0
377,20_1,Karimnagar,2019-04-01,2748.0,58308650.0,0.0,0.0
378,20_1,Karimnagar,2019-05-01,3029.0,60448065.0,0.0,0.0
379,20_1,Karimnagar,2019-06-01,3276.0,63248165.0,0.0,0.0
380,20_1,Karimnagar,2019-07-01,3675.0,69644228.0,0.0,0.0
381,20_1,Karimnagar,2019-08-01,3784.0,73473475.0,0.0,0.0
382,20_1,Karimnagar,2019-09-01,3643.0,63594054.0,0.0,0.0
383,20_1,Karimnagar,2019-10-01,3265.0,66449860.0,0.0,0.0
384,20_1,Karimnagar,2019-11-01,3319.0,65404640.0,0.0,0.0
385,20_1,Karimnagar,2019-12-01,4161.0,82730665.0,0.0,0.0
386,20_1,Karimnagar,2020-01-01,3236.0,63524654.0,0.0,0.0
387,20_1,Karimnagar,2020-02-01,3807.0,78637089.0,0.0,0.0
388,20_1,Karimnagar,2020-03-01,3133.0,58938590.0,0.0,0.0
389,20_1,Karimnagar,2020-04-01,90.0,2004050.0,0.0,0.0
390,20_1,Karimnagar,2020-05-01,2213.0,43473995.0,0.0,0.0
391,20_1,Karimnagar,2020-06-01,4298.0,74922095.0,0.0,0.0
392,20_1,Karimnagar,2020-07-01,3589.0,56763680.0,0.0,0.0
393,20_1,Karimnagar,2020-08-01,3544.0,61381830.0,0.0,0.0
394,20_1,Karimnagar,2020-09-01,839.0,16567580.0,0.0,0.0
395,20_1,Karimnagar,2020-10-01,13.0,15400.0,0.0,0.0
396,20_1,Karimnagar,2020-11-01,8.0,8800.0,0.0,0.0
397,20_1,Karimnagar,2020-12-01,955.0,39536355.0,1082.0,45437871.0
398,20_1,Karimnagar,2021-01-01,4034.0,110112162.0,4156.0,110928964.0
399,20_1,Karimnagar,2021-02-01,4423.0,108104735.0,4568.0,107504751.0
400,20_1,Karimnagar,2021-03-01,3832.0,88077953.0,3890.0,91217145.0
401,20_1,Karimnagar,2021-04-01,3059.0,74032962.0,3205.0,77657716.0
402,20_1,Karimnagar,2021-05-01,893.0,27258144.0,598.0,15656499.0
403,20_1,Karimnagar,2021-06-01,2758.0,66862041.0,3051.0,72910750.0
404,20_1,Karimnagar,2021-07-01,3489.0,96441709.0,3621.0,96311428.0
405,20_1,Karimnagar,2021-08-01,2717.0,97171177.0,2884.0,102690146.0
406,20_1,Karimnagar,2021-10-01,2815.0,110778010.0,2818.0,106623255.0
407,20_1,Karimnagar,2021-11-01,2386.0,100625337.0,2522.0,100137870.0
408,20_1,Karimnagar,2021-12-01,3131.0,119363831.0,3305.0,125751257.0
409,20_1,Karimnagar,2022-01-01,3637.0,145167467.0,3674.0,137772320.0
410,20_1,Karimnagar,2022-02-01,2333.0,86873097.0,2596.0,98810495.0
411,20_1,Karimnagar,2022-03-01,3329.0,144081348.0,3463.0,144101845.0
412,20_1,Karimnagar,2022-04-01,2776.0,135392259.0,2852.0,136515526.0
413,20_1,Karimnagar,2022-05-01,2837.0,126494603.0,2775.0,119127173.0
414,20_1,Karimnagar,2022-06-01,2764.0,127262109.0,2920.0,133907941.0
415,20_1,Karimnagar,2022-07-01,2625.0,118665402.0,2671.0,119944058.0
416,20_1,Karimnagar,2022-08-01,2646.0,134360250.0,2729.0,135895649.0
417,20_1,Karimnagar,2022-09-01,2927.0,141616320.0,2968.0,137701716.0
418,20_1,Karimnagar,2022-10-01,2403.0,112008092.0,2476.0,116760177.0
419,20_1,Karimnagar,2022-11-01,2807.0,113953428.0,2862.0,113408135.0
420,20_1,Karimnagar,2022-12-01,3004.0,142858373.0,3035.0,142058913.0
421,20_1,Karimnagar,2023-01-01,2688.0,123852408.0,2993.0,132934712.0
422,20_1,Karimnagar,2023-02-01,3031.0,139773583.0,3024.0,139361911.0
423,20_1,Karimnagar,2023-03-01,3191.0,134212334.0,3142.0,127938132.0
424,22_1,Khammam,2019-04-01,4088.0,89082890.0,0.0,0.0
425,22_1,Khammam,2019-05-01,5095.0,93397223.0,0.0,0.0
426,22_1,Khammam,2019-06-01,5049.0,99823253.0,0.0,0.0
427,22_1,Khammam,2019-07-01,5472.0,98933054.0,0.0,0.0
428,22_1,Khammam,2019-08-01,5246.0,96601052.0,0.0,0.0
429,22_1,Khammam,2019-09-01,4093.0,81625269.0,0.0,0.0
430,22_1,Khammam,2019-10-01,4220.0,81248954.0,0.0,0.0
431,22_1,Khammam,2019-11-01,4154.0,84400983.0,0.0,0.0
432,22_1,Khammam,2019-12-01,5220.0,103834902.0,0.0,0.0
433,22_1,Khammam,2020-01-01,4999.0,93694535.0,0.0,0.0
434,22_1,Khammam,2020-02-01,6101.0,113983602.0,0.0,0.0
435,22_1,Khammam,2020-03-01,4598.0,91595270.0,0.0,0.0
436,22_1,Khammam,2020-04-01,419.0,868795.0,0.0,0.0
437,22_1,Khammam,2020-05-01,3683.0,59134077.0,0.0,0.0
438,22_1,Khammam,2020-06-01,6145.0,100011083.0,0.0,0.0
439,22_1,Khammam,2020-07-01,7769.0,81707214.0,0.0,0.0
440,22_1,Khammam,2020-08-01,5690.0,56367917.0,0.0,0.0
441,22_1,Khammam,2020-09-01,1233.0,18346350.0,0.0,0.0
442,22_1,Khammam,2020-10-01,26.0,29700.0,0.0,0.0
443,22_1,Khammam,2020-11-01,13.0,15300.0,0.0,0.0
444,22_1,Khammam,2020-12-01,1630.0,75497225.0,1898.0,80565370.0
445,22_1,Khammam,2021-01-01,5518.0,162226288.0,5902.0,166512471.0
446,22_1,Khammam,2021-02-01,5630.0,159732794.0,5689.0,159475445.0
447,22_1,Khammam,2021-03-01,5396.0,148814056.0,5721.0,154833480.0
448,22_1,Khammam,2021-04-01,4575.0,119253411.0,5064.0,126183886.0
449,22_1,Khammam,2021-05-01,2072.0,51282739.0,1664.0,42575293.0
450,22_1,Khammam,2021-06-01,4310.0,115630066.0,4964.0,125990133.0
451,22_1,Khammam,2021-07-01,5374.0,167129346.0,5680.0,166873837.0
452,22_1,Khammam,2021-08-01,4162.0,163737361.0,4307.0,161366554.0
453,22_1,Khammam,2021-10-01,4063.0,160562243.0,3964.0,148888680.0
454,22_1,Khammam,2021-11-01,3540.0,158338406.0,3749.0,156684882.0
455,22_1,Khammam,2021-12-01,3856.0,163622183.0,3971.0,164356449.0
456,22_1,Khammam,2022-01-01,4395.0,194046973.0,5230.0,218422134.0
457,22_1,Khammam,2022-02-01,3795.0,165983684.0,3614.0,140770913.0
458,22_1,Khammam,2022-03-01,4049.0,183935849.0,4326.0,192511527.0
459,22_1,Khammam,2022-04-01,4093.0,205300353.0,4323.0,230412276.0
460,22_1,Khammam,2022-05-01,4129.0,214616691.0,4346.0,196522209.0
461,22_1,Khammam,2022-06-01,3947.0,190749698.0,4091.0,189685610.0
462,22_1,Khammam,2022-07-01,2854.0,140282330.0,3101.0,149272574.0
463,22_1,Khammam,2022-08-01,2859.0,139266851.0,3052.0,140688447.0
464,22_1,Khammam,2022-09-01,3108.0,154477928.0,3240.0,160942887.0
465,22_1,Khammam,2022-10-01,2636.0,124582833.0,2770.0,128487551.0
466,22_1,Khammam,2022-11-01,3375.0,172121398.0,3491.0,169028940.0
467,22_1,Khammam,2022-12-01,3528.0,165181429.0,3528.0,161886885.0
468,22_1,Khammam,2023-01-01,2864.0,141968542.0,3183.0,147506078.0
469,22_1,Khammam,2023-02-01,3329.0,161996191.0,3538.0,163300033.0
470,22_1,Khammam,2023-03-01,3413.0,161103295.0,3518.0,164486824.0
471,19_4,Kumurambheem Asifabad,2019-04-01,585.0,8302945.0,0.0,0.0
472,19_4,Kumurambheem Asifabad,2019-05-01,414.0,4902685.0,0.0,0.0
473,19_4,Kumurambheem Asifabad,2019-06-01,520.0,5626095.0,0.0,0.0
474,19_4,Kumurambheem Asifabad,2019-07-01,504.0,5472687.0,0.0,0.0
475,19_4,Kumurambheem Asifabad,2019-08-01,387.0,5255110.0,0.0,0.0
476,19_4,Kumurambheem Asifabad,2019-09-01,280.0,3056614.0,0.0,0.0
477,19_4,Kumurambheem Asifabad,2019-10-01,239.0,3877226.0,0.0,0.0
478,19_4,Kumurambheem Asifabad,2019-11-01,318.0,3510685.0,0.0,0.0
479,19_4,Kumurambheem Asifabad,2019-12-01,390.0,5178860.0,0.0,0.0
480,19_4,Kumurambheem Asifabad,2020-01-01,464.0,3913935.0,0.0,0.0
481,19_4,Kumurambheem Asifabad,2020-02-01,441.0,4551190.0,0.0,0.0
482,19_4,Kumurambheem Asifabad,2020-03-01,414.0,3788075.0,0.0,0.0
483,19_4,Kumurambheem Asifabad,2020-04-01,1.0,0.0,0.0,0.0
484,19_4,Kumurambheem Asifabad,2020-05-01,467.0,4000670.0,0.0,0.0
485,19_4,Kumurambheem Asifabad,2020-06-01,686.0,6728775.0,0.0,0.0
486,19_4,Kumurambheem Asifabad,2020-07-01,606.0,5562265.0,0.0,0.0
487,19_4,Kumurambheem Asifabad,2020-08-01,323.0,4543905.0,0.0,0.0
488,19_4,Kumurambheem Asifabad,2020-09-01,59.0,471595.0,0.0,0.0
489,19_4,Kumurambheem Asifabad,2020-10-01,0.0,0.0,0.0,0.0
490,19_4,Kumurambheem Asifabad,2020-11-01,0.0,0.0,0.0,0.0
491,19_4,Kumurambheem Asifabad,2020-12-01,43.0,1039265.0,43.0,1157235.0
492,19_4,Kumurambheem Asifabad,2021-01-01,257.0,4415248.0,283.0,4491698.0
493,19_4,Kumurambheem Asifabad,2021-02-01,206.0,3473879.0,216.0,3324890.0
494,19_4,Kumurambheem Asifabad,2021-03-01,232.0,3533582.0,221.0,3298302.0
495,19_4,Kumurambheem Asifabad,2021-04-01,225.0,2735135.0,218.0,2751315.0
496,19_4,Kumurambheem Asifabad,2021-05-01,48.0,720178.0,46.0,723798.0
497,19_4,Kumurambheem Asifabad,2021-06-01,159.0,2423000.0,173.0,2646000.0
498,19_4,Kumurambheem Asifabad,2021-07-01,248.0,3471375.0,258.0,3493455.0
499,19_4,Kumurambheem Asifabad,2021-08-01,152.0,3689413.0,145.0,3539843.0
500,19_4,Kumurambheem Asifabad,2021-10-01,129.0,9019730.0,146.0,5409305.0
501,19_4,Kumurambheem Asifabad,2021-11-01,180.0,4439625.0,195.0,4769335.0
502,19_4,Kumurambheem Asifabad,2021-12-01,277.0,9699955.0,255.0,9090440.0
503,19_4,Kumurambheem Asifabad,2022-01-01,393.0,10153318.0,402.0,10057788.0
504,19_4,Kumurambheem Asifabad,2022-02-01,176.0,4595920.0,194.0,4968575.0
505,19_4,Kumurambheem Asifabad,2022-03-01,334.0,10078056.0,384.0,10844861.0
506,19_4,Kumurambheem Asifabad,2022-04-01,328.0,8021719.0,287.0,7365569.0
507,19_4,Kumurambheem Asifabad,2022-05-01,185.0,5937385.0,196.0,7071065.0
508,19_4,Kumurambheem Asifabad,2022-06-01,169.0,6122944.0,157.0,5393250.0
509,19_4,Kumurambheem Asifabad,2022-07-01,180.0,5285698.0,200.0,5351183.0
510,19_4,Kumurambheem Asifabad,2022-08-01,220.0,7605809.0,218.0,7606749.0
511,19_4,Kumurambheem Asifabad,2022-09-01,179.0,4684115.0,171.0,4139547.0
512,19_4,Kumurambheem Asifabad,2022-10-01,148.0,4569240.0,160.0,4955225.0
513,19_4,Kumurambheem Asifabad,2022-11-01,180.0,5833743.0,173.0,5529343.0
514,19_4,Kumurambheem Asifabad,2022-12-01,210.0,7326433.0,212.0,7931923.0
515,19_4,Kumurambheem Asifabad,2023-01-01,237.0,6899881.0,235.0,6191601.0
516,19_4,Kumurambheem Asifabad,2023-02-01,262.0,7184545.0,269.0,7494565.0
517,19_4,Kumurambheem Asifabad,2023-03-01,208.0,5760075.0,219.0,6095592.0
518,21_5,Mahabubabad,2019-04-01,1089.0,15915285.0,0.0,0.0
519,21_5,Mahabubabad,2019-05-01,1468.0,19541233.0,0.0,0.0
520,21_5,Mahabubabad,2019-06-01,1392.0,18292822.0,0.0,0.0
521,21_5,Mahabubabad,2019-07-01,1858.0,19590782.0,0.0,0.0
522,21_5,Mahabubabad,2019-08-01,1648.0,19611924.0,0.0,0.0
523,21_5,Mahabubabad,2019-09-01,1467.0,15868051.0,0.0,0.0
524,21_5,Mahabubabad,2019-10-01,1224.0,15367793.0,0.0,0.0
525,21_5,Mahabubabad,2019-11-01,1197.0,16466357.0,0.0,0.0
526,21_5,Mahabubabad,2019-12-01,1595.0,23309028.0,0.0,0.0
527,21_5,Mahabubabad,2020-01-01,1197.0,15373698.0,0.0,0.0
528,21_5,Mahabubabad,2020-02-01,1626.0,21233617.0,0.0,0.0
529,21_5,Mahabubabad,2020-03-01,1061.0,12860578.0,0.0,0.0
530,21_5,Mahabubabad,2020-04-01,2.0,0.0,0.0,0.0
531,21_5,Mahabubabad,2020-05-01,1150.0,12109639.0,0.0,0.0
532,21_5,Mahabubabad,2020-06-01,2301.0,25384475.0,0.0,0.0
533,21_5,Mahabubabad,2020-07-01,2127.0,21774457.0,0.0,0.0
534,21_5,Mahabubabad,2020-08-01,1368.0,14192658.0,0.0,0.0
535,21_5,Mahabubabad,2020-09-01,284.0,3757007.0,0.0,0.0
536,21_5,Mahabubabad,2020-10-01,0.0,0.0,0.0,0.0
537,21_5,Mahabubabad,2020-11-01,0.0,0.0,0.0,0.0
538,21_5,Mahabubabad,2020-12-01,229.0,5350370.0,290.0,7193178.0
539,21_5,Mahabubabad,2021-01-01,1477.0,27949112.0,1898.0,32364121.0
540,21_5,Mahabubabad,2021-02-01,2039.0,35977404.0,1978.0,31061987.0
541,21_5,Mahabubabad,2021-03-01,3089.0,39702418.0,3140.0,42205319.0
542,21_5,Mahabubabad,2021-04-01,1038.0,18044597.0,1094.0,14657501.0
543,21_5,Mahabubabad,2021-05-01,366.0,5058509.0,297.0,4463020.0
544,21_5,Mahabubabad,2021-06-01,693.0,11010800.0,912.0,15853933.0
545,21_5,Mahabubabad,2021-07-01,1445.0,30124782.0,1826.0,31574314.0
546,21_5,Mahabubabad,2021-08-01,1419.0,29554141.0,1431.0,29128733.0
547,21_5,Mahabubabad,2021-10-01,986.0,21226242.0,943.0,18441385.0
548,21_5,Mahabubabad,2021-11-01,620.0,16547173.0,754.0,18720698.0
549,21_5,Mahabubabad,2021-12-01,961.0,25713764.0,986.0,25846134.0
550,21_5,Mahabubabad,2022-01-01,1397.0,34297858.0,1837.0,39541151.0
551,21_5,Mahabubabad,2022-02-01,1212.0,27972547.0,1172.0,28325138.0
552,21_5,Mahabubabad,2022-03-01,1548.0,37974048.0,1635.0,37841324.0
553,21_5,Mahabubabad,2022-04-01,1258.0,38848963.0,1358.0,38941588.0
554,21_5,Mahabubabad,2022-05-01,1353.0,35282201.0,1384.0,36625583.0
555,21_5,Mahabubabad,2022-06-01,1746.0,42562067.0,2204.0,50757934.0
556,21_5,Mahabubabad,2022-07-01,2074.0,47272385.0,1692.0,37443717.0
557,21_5,Mahabubabad,2022-08-01,1248.0,31801448.0,1250.0,28433106.0
558,21_5,Mahabubabad,2022-09-01,1231.0,30494050.0,1269.0,30675635.0
559,21_5,Mahabubabad,2022-10-01,956.0,22685048.0,1070.0,24306992.0
560,21_5,Mahabubabad,2022-11-01,1002.0,24809072.0,1044.0,25214470.0
561,21_5,Mahabubabad,2022-12-01,1336.0,32110299.0,1542.0,33870130.0
562,21_5,Mahabubabad,2023-01-01,1342.0,32693841.0,1324.0,31873632.0
563,21_5,Mahabubabad,2023-02-01,1182.0,28757826.0,1281.0,30907073.0
564,21_5,Mahabubabad,2023-03-01,1484.0,34154402.0,1499.0,33128850.0
565,14_1,Mahabubnagar,2019-04-01,4533.0,59236363.0,0.0,0.0
566,14_1,Mahabubnagar,2019-05-01,4301.0,73344601.0,0.0,0.0
567,14_1,Mahabubnagar,2019-06-01,3565.0,50331243.0,0.0,0.0
568,14_1,Mahabubnagar,2019-07-01,5056.0,58994710.0,0.0,0.0
569,14_1,Mahabubnagar,2019-08-01,4864.0,73289753.0,0.0,0.0
570,14_1,Mahabubnagar,2019-09-01,4281.0,64062953.0,0.0,0.0
571,14_1,Mahabubnagar,2019-10-01,4289.0,62143167.0,0.0,0.0
572,14_1,Mahabubnagar,2019-11-01,4102.0,60830591.0,0.0,0.0
573,14_1,Mahabubnagar,2019-12-01,4090.0,88675750.0,0.0,0.0
574,14_1,Mahabubnagar,2020-01-01,3952.0,51248313.0,0.0,0.0
575,14_1,Mahabubnagar,2020-02-01,4658.0,62577930.0,0.0,0.0
576,14_1,Mahabubnagar,2020-03-01,3868.0,86288684.0,0.0,0.0
577,14_1,Mahabubnagar,2020-04-01,422.0,7340232.0,0.0,0.0
578,14_1,Mahabubnagar,2020-05-01,2566.0,25446164.0,0.0,0.0
579,14_1,Mahabubnagar,2020-06-01,4493.0,56964703.0,0.0,0.0
580,14_1,Mahabubnagar,2020-07-01,3696.0,47677705.0,0.0,0.0
581,14_1,Mahabubnagar,2020-08-01,2895.0,41587078.0,0.0,0.0
582,14_1,Mahabubnagar,2020-09-01,545.0,5525051.0,0.0,0.0
583,14_1,Mahabubnagar,2020-10-01,4.0,4400.0,0.0,0.0
584,14_1,Mahabubnagar,2020-11-01,3.0,6460.0,0.0,0.0
585,14_1,Mahabubnagar,2020-12-01,1232.0,29263859.0,1403.0,31343349.0
586,14_1,Mahabubnagar,2021-01-01,3954.0,79370990.0,4116.0,79833516.0
587,14_1,Mahabubnagar,2021-02-01,3310.0,71273670.0,3378.0,68717372.0
588,14_1,Mahabubnagar,2021-03-01,3573.0,71235534.0,3810.0,75654410.0
589,14_1,Mahabubnagar,2021-04-01,2784.0,51136932.0,2765.0,50954652.0
590,14_1,Mahabubnagar,2021-05-01,652.0,18952470.0,718.0,18902087.0
591,14_1,Mahabubnagar,2021-06-01,2509.0,59654363.0,2583.0,81201988.0
592,14_1,Mahabubnagar,2021-07-01,2997.0,103057135.0,3165.0,83807604.0
593,14_1,Mahabubnagar,2021-08-01,2411.0,66454883.0,2548.0,67040597.0
594,14_1,Mahabubnagar,2021-10-01,2700.0,79052206.0,2816.0,82062938.0
595,14_1,Mahabubnagar,2021-11-01,2527.0,79043084.0,2610.0,76616047.0
596,14_1,Mahabubnagar,2021-12-01,3192.0,103687749.0,3287.0,110176889.0
597,14_1,Mahabubnagar,2022-01-01,3788.0,118531201.0,3941.0,129427844.0
598,14_1,Mahabubnagar,2022-02-01,2841.0,102687336.0,2931.0,88469993.0
599,14_1,Mahabubnagar,2022-03-01,3699.0,111740736.0,3896.0,110951795.0
600,14_1,Mahabubnagar,2022-04-01,3253.0,105448377.0,3285.0,105928140.0
601,14_1,Mahabubnagar,2022-05-01,2983.0,111506589.0,3112.0,116263639.0
602,14_1,Mahabubnagar,2022-06-01,2552.0,90044509.0,2598.0,89618011.0
603,14_1,Mahabubnagar,2022-07-01,2477.0,85214519.0,2563.0,84543841.0
604,14_1,Mahabubnagar,2022-08-01,2619.0,92104718.0,2723.0,96154871.0
605,14_1,Mahabubnagar,2022-09-01,2479.0,78865422.0,2542.0,81191094.0
606,14_1,Mahabubnagar,2022-10-01,2331.0,78745780.0,2406.0,74192139.0
607,14_1,Mahabubnagar,2022-11-01,2867.0,98486139.0,2990.0,100294633.0
608,14_1,Mahabubnagar,2022-12-01,2784.0,85098197.0,2880.0,84393869.0
609,14_1,Mahabubnagar,2023-01-01,2326.0,73940840.0,2428.0,75877587.0
610,14_1,Mahabubnagar,2023-02-01,2480.0,74664336.0,2532.0,77460885.0
611,14_1,Mahabubnagar,2023-03-01,2877.0,91894125.0,3017.0,95840642.0
612,19_3,Mancherial,2019-04-01,1620.0,24326193.0,0.0,0.0
613,19_3,Mancherial,2019-05-01,2260.0,33143566.0,0.0,0.0
614,19_3,Mancherial,2019-06-01,1994.0,26534317.0,0.0,0.0
615,19_3,Mancherial,2019-07-01,2434.0,33016334.0,0.0,0.0
616,19_3,Mancherial,2019-08-01,1715.0,30332822.0,0.0,0.0
617,19_3,Mancherial,2019-09-01,1632.0,23754440.0,0.0,0.0
618,19_3,Mancherial,2019-10-01,1635.0,26801116.0,0.0,0.0
619,19_3,Mancherial,2019-11-01,1563.0,22840845.0,0.0,0.0
620,19_3,Mancherial,2019-12-01,1812.0,32307331.0,0.0,0.0
621,19_3,Mancherial,2020-01-01,1514.0,23052140.0,0.0,0.0
622,19_3,Mancherial,2020-02-01,2173.0,32744775.0,0.0,0.0
623,19_3,Mancherial,2020-03-01,1525.0,29553726.0,0.0,0.0
624,19_3,Mancherial,2020-04-01,7.0,186260.0,0.0,0.0
625,19_3,Mancherial,2020-05-01,986.0,16969358.0,0.0,0.0
626,19_3,Mancherial,2020-06-01,2034.0,25828201.0,0.0,0.0
627,19_3,Mancherial,2020-07-01,1974.0,28755915.0,0.0,0.0
628,19_3,Mancherial,2020-08-01,1541.0,24322890.0,0.0,0.0
629,19_3,Mancherial,2020-09-01,323.0,7613005.0,0.0,0.0
630,19_3,Mancherial,2020-10-01,3.0,3060.0,0.0,0.0
631,19_3,Mancherial,2020-11-01,2.0,3040.0,0.0,0.0
632,19_3,Mancherial,2020-12-01,503.0,15595943.0,582.0,16868604.0
633,19_3,Mancherial,2021-01-01,2082.0,44855428.0,2139.0,43192088.0
634,19_3,Mancherial,2021-02-01,2476.0,44942116.0,2796.0,48731429.0
635,19_3,Mancherial,2021-03-01,1819.0,34071354.0,1660.0,32086904.0
636,19_3,Mancherial,2021-04-01,1408.0,27409615.0,1469.0,27613236.0
637,19_3,Mancherial,2021-05-01,465.0,9010112.0,333.0,5774866.0
638,19_3,Mancherial,2021-06-01,749.0,13915625.0,1110.0,23605893.0
639,19_3,Mancherial,2021-07-01,1430.0,35496990.0,1490.0,33985799.0
640,19_3,Mancherial,2021-08-01,1840.0,35877229.0,2068.0,34150458.0
641,19_3,Mancherial,2021-10-01,944.0,31341444.0,1084.0,36975415.0
642,19_3,Mancherial,2021-11-01,1341.0,52011274.0,1394.0,49958633.0
643,19_3,Mancherial,2021-12-01,1972.0,51517883.0,1947.0,51652128.0
644,19_3,Mancherial,2022-01-01,2648.0,67554192.0,2991.0,72899647.0
645,19_3,Mancherial,2022-02-01,1947.0,58674988.0,1879.0,54350793.0
646,19_3,Mancherial,2022-03-01,2020.0,54835460.0,2082.0,53289363.0
647,19_3,Mancherial,2022-04-01,2099.0,56079042.0,2255.0,57628834.0
648,19_3,Mancherial,2022-05-01,1823.0,54245955.0,1909.0,58602240.0
649,19_3,Mancherial,2022-06-01,1943.0,56935498.0,1986.0,58314002.0
650,19_3,Mancherial,2022-07-01,1179.0,41714048.0,1308.0,43239921.0
651,19_3,Mancherial,2022-08-01,1680.0,60029351.0,1834.0,59331178.0
652,19_3,Mancherial,2022-09-01,1829.0,56746850.0,1712.0,59051978.0
653,19_3,Mancherial,2022-10-01,1263.0,47960456.0,1333.0,46193479.0
654,19_3,Mancherial,2022-11-01,1784.0,63735004.0,1850.0,61917709.0
655,19_3,Mancherial,2022-12-01,1648.0,51556856.0,1662.0,53216904.0
656,19_3,Mancherial,2023-01-01,2173.0,52574678.0,2229.0,54503596.0
657,19_3,Mancherial,2023-02-01,2457.0,58357077.0,2536.0,55413849.0
658,19_3,Mancherial,2023-03-01,2467.0,48958866.0,2633.0,54313485.0
659,17_1,Medak,2019-04-01,2205.0,30584778.0,0.0,0.0
660,17_1,Medak,2019-05-01,2400.0,68953812.0,0.0,0.0
661,17_1,Medak,2019-06-01,2613.0,45801812.0,0.0,0.0
662,17_1,Medak,2019-07-01,2909.0,38470965.0,0.0,0.0
663,17_1,Medak,2019-08-01,2569.0,31935569.0,0.0,0.0
664,17_1,Medak,2019-09-01,2251.0,29548372.0,0.0,0.0
665,17_1,Medak,2019-10-01,2309.0,27481586.0,0.0,0.0
666,17_1,Medak,2019-11-01,1755.0,29444560.0,0.0,0.0
667,17_1,Medak,2019-12-01,2598.0,38030142.0,0.0,0.0
668,17_1,Medak,2020-01-01,2486.0,44629057.0,0.0,0.0
669,17_1,Medak,2020-02-01,3079.0,33549684.0,0.0,0.0
670,17_1,Medak,2020-03-01,2078.0,19040663.0,0.0,0.0
671,17_1,Medak,2020-04-01,84.0,745700.0,0.0,0.0
672,17_1,Medak,2020-05-01,1764.0,16799076.0,0.0,0.0
673,17_1,Medak,2020-06-01,3071.0,23888811.0,0.0,0.0
674,17_1,Medak,2020-07-01,3219.0,27351650.0,0.0,0.0
675,17_1,Medak,2020-08-01,1743.0,14686219.0,0.0,0.0
676,17_1,Medak,2020-09-01,377.0,3690710.0,0.0,0.0
677,17_1,Medak,2020-10-01,0.0,0.0,0.0,0.0
678,17_1,Medak,2020-11-01,0.0,0.0,0.0,0.0
679,17_1,Medak,2020-12-01,500.0,14062784.0,429.0,13961250.0
680,17_1,Medak,2021-01-01,1393.0,46369648.0,1452.0,45564560.0
681,17_1,Medak,2021-02-01,1235.0,19185834.0,1434.0,21496709.0
682,17_1,Medak,2021-03-01,1375.0,38983568.0,1346.0,23454589.0
683,17_1,Medak,2021-04-01,898.0,18397464.0,917.0,19978664.0
684,17_1,Medak,2021-05-01,258.0,6853638.0,236.0,5672243.0
685,17_1,Medak,2021-06-01,836.0,25002516.0,984.0,26019782.0
686,17_1,Medak,2021-07-01,938.0,26412445.0,1009.0,48418709.0
687,17_1,Medak,2021-08-01,696.0,26867814.0,721.0,26172990.0
688,17_1,Medak,2021-10-01,811.0,26544033.0,859.0,29513478.0
689,17_1,Medak,2021-11-01,827.0,26198223.0,883.0,68482520.0
690,17_1,Medak,2021-12-01,1101.0,104759473.0,1037.0,83598913.0
691,17_1,Medak,2022-01-01,945.0,33058649.0,1230.0,58770482.0
692,17_1,Medak,2022-02-01,1056.0,65699784.0,988.0,50614845.0
693,17_1,Medak,2022-03-01,1212.0,68223391.0,1262.0,65025105.0
694,17_1,Medak,2022-04-01,1000.0,106685105.0,1059.0,66609161.0
695,17_1,Medak,2022-05-01,1087.0,60215663.0,1108.0,63395389.0
696,17_1,Medak,2022-06-01,1027.0,64355919.0,1086.0,60849069.0
697,17_1,Medak,2022-07-01,907.0,42165514.0,1009.0,45191997.0
698,17_1,Medak,2022-08-01,917.0,41347505.0,999.0,44100333.0
699,17_1,Medak,2022-09-01,1262.0,54338851.0,1266.0,53296490.0
700,17_1,Medak,2022-10-01,920.0,53473383.0,880.0,50598530.0
701,17_1,Medak,2022-11-01,1049.0,53149411.0,1221.0,54417566.0
702,17_1,Medak,2022-12-01,1371.0,49030012.0,1322.0,62478201.0
703,17_1,Medak,2023-01-01,1246.0,55241470.0,1408.0,44175642.0
704,17_1,Medak,2023-02-01,1255.0,57992565.0,1170.0,58379617.0
705,17_1,Medak,2023-03-01,1320.0,56504907.0,1321.0,60321469.0
706,15_2,Medchal_Malkajgiri,2019-04-01,14140.0,1080766807.0,0.0,0.0
707,15_2,Medchal_Malkajgiri,2019-05-01,16036.0,1231074513.0,0.0,0.0
708,15_2,Medchal_Malkajgiri,2019-06-01,11808.0,942570587.0,0.0,0.0
709,15_2,Medchal_Malkajgiri,2019-07-01,14497.0,1017656366.0,0.0,0.0
710,15_2,Medchal_Malkajgiri,2019-08-01,14718.0,1122098095.0,0.0,0.0
711,15_2,Medchal_Malkajgiri,2019-09-01,12399.0,1009699757.0,0.0,0.0
712,15_2,Medchal_Malkajgiri,2019-10-01,12870.0,960760982.0,0.0,0.0
713,15_2,Medchal_Malkajgiri,2019-11-01,13243.0,1086466648.0,0.0,0.0
714,15_2,Medchal_Malkajgiri,2019-12-01,14416.0,1156263714.0,0.0,0.0
715,15_2,Medchal_Malkajgiri,2020-01-01,11954.0,935715174.0,0.0,0.0
716,15_2,Medchal_Malkajgiri,2020-02-01,14898.0,1172865763.0,0.0,0.0
717,15_2,Medchal_Malkajgiri,2020-03-01,11009.0,827350110.0,0.0,0.0
718,15_2,Medchal_Malkajgiri,2020-04-01,155.0,26577040.0,0.0,0.0
719,15_2,Medchal_Malkajgiri,2020-05-01,5297.0,364890605.0,0.0,0.0
720,15_2,Medchal_Malkajgiri,2020-06-01,9528.0,795974924.0,0.0,0.0
721,15_2,Medchal_Malkajgiri,2020-07-01,8779.0,779130964.0,0.0,0.0
722,15_2,Medchal_Malkajgiri,2020-08-01,8852.0,748218717.0,0.0,0.0
723,15_2,Medchal_Malkajgiri,2020-09-01,1492.0,159247135.0,0.0,0.0
724,15_2,Medchal_Malkajgiri,2020-10-01,73.0,80300.0,0.0,0.0
725,15_2,Medchal_Malkajgiri,2020-11-01,70.0,77000.0,0.0,0.0
726,15_2,Medchal_Malkajgiri,2020-12-01,10145.0,1166982096.0,11757.0,1307431183.0
727,15_2,Medchal_Malkajgiri,2021-01-01,20781.0,1925802906.0,20610.0,1812802185.0
728,15_2,Medchal_Malkajgiri,2021-02-01,18510.0,1629806056.0,18711.0,1595214532.0
729,15_2,Medchal_Malkajgiri,2021-03-01,19319.0,1686890849.0,20115.0,1759844910.0
730,15_2,Medchal_Malkajgiri,2021-04-01,13208.0,1205452291.0,13570.0,1131522509.0
731,15_2,Medchal_Malkajgiri,2021-05-01,2885.0,252478745.0,3101.0,273491208.0
732,15_2,Medchal_Malkajgiri,2021-06-01,12698.0,1212507633.0,13960.0,1296136572.0
733,15_2,Medchal_Malkajgiri,2021-07-01,17250.0,1974813893.0,18317.0,1974476551.0
734,15_2,Medchal_Malkajgiri,2021-08-01,12403.0,1492750152.0,13487.0,1516534407.0
735,15_2,Medchal_Malkajgiri,2021-10-01,13212.0,1678856481.0,13894.0,1642644403.0
736,15_2,Medchal_Malkajgiri,2021-11-01,14532.0,2115731374.0,15485.0,2101100602.0
737,15_2,Medchal_Malkajgiri,2021-12-01,17138.0,2212551723.0,17652.0,2183038596.0
738,15_2,Medchal_Malkajgiri,2022-01-01,15706.0,2169471006.0,17268.0,2665104212.0
739,15_2,Medchal_Malkajgiri,2022-02-01,13665.0,1776413066.0,14032.0,1672580822.0
740,15_2,Medchal_Malkajgiri,2022-03-01,15593.0,2109865837.0,16786.0,2291262222.0
741,15_2,Medchal_Malkajgiri,2022-04-01,14700.0,2247203989.0,15466.0,2179535206.0
742,15_2,Medchal_Malkajgiri,2022-05-01,14184.0,2226604850.0,14776.0,1856136612.0
743,15_2,Medchal_Malkajgiri,2022-06-01,13465.0,1974321140.0,14032.0,2003525073.0
744,15_2,Medchal_Malkajgiri,2022-07-01,12736.0,1724072796.0,13416.0,1757943658.0
745,15_2,Medchal_Malkajgiri,2022-08-01,13231.0,2042609039.0,13836.0,1996055423.0
746,15_2,Medchal_Malkajgiri,2022-09-01,13038.0,2083549461.0,13813.0,2096442363.0
747,15_2,Medchal_Malkajgiri,2022-10-01,11599.0,1749174335.0,12086.0,1725641810.0
748,15_2,Medchal_Malkajgiri,2022-11-01,14031.0,1826839377.0,14831.0,1852307919.0
749,15_2,Medchal_Malkajgiri,2022-12-01,14856.0,2334567346.0,15549.0,2297583064.0
750,15_2,Medchal_Malkajgiri,2023-01-01,12833.0,1713130744.0,13682.0,1802655144.0
751,15_2,Medchal_Malkajgiri,2023-02-01,12810.0,1916206633.0,13465.0,1845582136.0
752,15_2,Medchal_Malkajgiri,2023-03-01,14960.0,2205243820.0,15946.0,2182774900.0
753,21_6,Mulugu,2019-04-01,563.0,5688052.0,0.0,0.0
754,21_6,Mulugu,2019-05-01,616.0,6059339.0,0.0,0.0
755,21_6,Mulugu,2019-06-01,721.0,6553495.0,0.0,0.0
756,21_6,Mulugu,2019-07-01,1022.0,9855642.0,0.0,0.0
757,21_6,Mulugu,2019-08-01,816.0,7554861.0,0.0,0.0
758,21_6,Mulugu,2019-09-01,754.0,6473599.0,0.0,0.0
759,21_6,Mulugu,2019-10-01,692.0,5598122.0,0.0,0.0
760,21_6,Mulugu,2019-11-01,862.0,7577874.0,0.0,0.0
761,21_6,Mulugu,2019-12-01,747.0,6376463.0,0.0,0.0
762,21_6,Mulugu,2020-01-01,624.0,5881707.0,0.0,0.0
763,21_6,Mulugu,2020-02-01,654.0,6504433.0,0.0,0.0
764,21_6,Mulugu,2020-03-01,596.0,6225967.0,0.0,0.0
765,21_6,Mulugu,2020-04-01,33.0,246120.0,0.0,0.0
766,21_6,Mulugu,2020-05-01,477.0,4936481.0,0.0,0.0
767,21_6,Mulugu,2020-06-01,1203.0,10071357.0,0.0,0.0
768,21_6,Mulugu,2020-07-01,1014.0,8359419.0,0.0,0.0
769,21_6,Mulugu,2020-08-01,554.0,5236969.0,0.0,0.0
770,21_6,Mulugu,2020-09-01,389.0,1957570.0,0.0,0.0
771,21_6,Mulugu,2020-10-01,0.0,0.0,0.0,0.0
772,21_6,Mulugu,2020-11-01,0.0,0.0,0.0,0.0
773,21_6,Mulugu,2020-12-01,127.0,3456418.0,146.0,3297808.0
774,21_6,Mulugu,2021-01-01,810.0,9883449.0,898.0,9423286.0
775,21_6,Mulugu,2021-02-01,1179.0,13323411.0,1293.0,14086429.0
776,21_6,Mulugu,2021-03-01,935.0,12748046.0,946.0,12633493.0
777,21_6,Mulugu,2021-04-01,838.0,10806323.0,934.0,11297914.0
778,21_6,Mulugu,2021-05-01,161.0,2048729.0,94.0,1263297.0
779,21_6,Mulugu,2021-06-01,563.0,7522650.0,587.0,7432563.0
780,21_6,Mulugu,2021-07-01,705.0,9359180.0,763.0,9544185.0
781,21_6,Mulugu,2021-08-01,481.0,12810142.0,595.0,14457244.0
782,21_6,Mulugu,2021-10-01,750.0,15757687.0,757.0,14385239.0
783,21_6,Mulugu,2021-11-01,525.0,9295369.0,574.0,9714305.0
784,21_6,Mulugu,2021-12-01,1045.0,22083926.0,1046.0,21728281.0
785,21_6,Mulugu,2022-01-01,1107.0,24526478.0,1159.0,24606912.0
786,21_6,Mulugu,2022-02-01,685.0,7616197.0,724.0,10465247.0
787,21_6,Mulugu,2022-03-01,981.0,25435396.0,1027.0,23961592.0
788,21_6,Mulugu,2022-04-01,684.0,13520532.0,687.0,13433232.0
789,21_6,Mulugu,2022-05-01,822.0,15518549.0,907.0,16755735.0
790,21_6,Mulugu,2022-06-01,964.0,17801739.0,956.0,17398343.0
791,21_6,Mulugu,2022-07-01,795.0,19927185.0,866.0,20409998.0
792,21_6,Mulugu,2022-08-01,1033.0,22735248.0,1094.0,24542032.0
793,21_6,Mulugu,2022-09-01,1012.0,23384569.0,934.0,21235361.0
794,21_6,Mulugu,2022-10-01,566.0,12575975.0,629.0,14154359.0
795,21_6,Mulugu,2022-11-01,824.0,19290678.0,866.0,20889937.0
796,21_6,Mulugu,2022-12-01,1103.0,21027052.0,1091.0,18590638.0
797,21_6,Mulugu,2023-01-01,1093.0,15129967.0,1153.0,15687215.0
798,21_6,Mulugu,2023-02-01,766.0,16263760.0,794.0,16080717.0
799,21_6,Mulugu,2023-03-01,834.0,20521996.0,864.0,21267953.0
800,14_3,Nagarkurnool,2019-04-01,2726.0,21804047.0,0.0,0.0
801,14_3,Nagarkurnool,2019-05-01,3471.0,25935850.0,0.0,0.0
802,14_3,Nagarkurnool,2019-06-01,4267.0,29213266.0,0.0,0.0
803,14_3,Nagarkurnool,2019-07-01,4185.0,28345301.0,0.0,0.0
804,14_3,Nagarkurnool,2019-08-01,4164.0,28291631.0,0.0,0.0
805,14_3,Nagarkurnool,2019-09-01,3449.0,24156093.0,0.0,0.0
806,14_3,Nagarkurnool,2019-10-01,2965.0,23957219.0,0.0,0.0
807,14_3,Nagarkurnool,2019-11-01,2774.0,22911353.0,0.0,0.0
808,14_3,Nagarkurnool,2019-12-01,3023.0,25540937.0,0.0,0.0
809,14_3,Nagarkurnool,2020-01-01,2730.0,18293182.0,0.0,0.0
810,14_3,Nagarkurnool,2020-02-01,3243.0,21676692.0,0.0,0.0
811,14_3,Nagarkurnool,2020-03-01,3065.0,21452512.0,0.0,0.0
812,14_3,Nagarkurnool,2020-04-01,351.0,2980350.0,0.0,0.0
813,14_3,Nagarkurnool,2020-05-01,2547.0,14824532.0,0.0,0.0
814,14_3,Nagarkurnool,2020-06-01,4748.0,26260334.0,0.0,0.0
815,14_3,Nagarkurnool,2020-07-01,4192.0,21883871.0,0.0,0.0
816,14_3,Nagarkurnool,2020-08-01,3523.0,20052643.0,0.0,0.0
817,14_3,Nagarkurnool,2020-09-01,598.0,2473585.0,0.0,0.0
818,14_3,Nagarkurnool,2020-10-01,0.0,0.0,0.0,0.0
819,14_3,Nagarkurnool,2020-11-01,0.0,0.0,0.0,0.0
820,14_3,Nagarkurnool,2020-12-01,826.0,11688937.0,863.0,11959717.0
821,14_3,Nagarkurnool,2021-01-01,3146.0,33067131.0,3223.0,33781223.0
822,14_3,Nagarkurnool,2021-02-01,2551.0,28537659.0,2585.0,26827361.0
823,14_3,Nagarkurnool,2021-03-01,2700.0,26281387.0,2698.0,26739367.0
824,14_3,Nagarkurnool,2021-04-01,2361.0,23353518.0,2493.0,25409508.0
825,14_3,Nagarkurnool,2021-05-01,709.0,5954941.0,624.0,4996377.0
826,14_3,Nagarkurnool,2021-06-01,2104.0,22910805.0,2237.0,22144487.0
827,14_3,Nagarkurnool,2021-07-01,2352.0,30641439.0,2470.0,32201673.0
828,14_3,Nagarkurnool,2021-08-01,1879.0,32000265.0,1982.0,31374981.0
829,14_3,Nagarkurnool,2021-10-01,1999.0,42083801.0,2135.0,39644136.0
830,14_3,Nagarkurnool,2021-11-01,2210.0,31996967.0,2193.0,38927199.0
831,14_3,Nagarkurnool,2021-12-01,3089.0,52192716.0,3219.0,47202507.0
832,14_3,Nagarkurnool,2022-01-01,2877.0,50275984.0,3197.0,55146270.0
833,14_3,Nagarkurnool,2022-02-01,1894.0,35847907.0,1869.0,32213565.0
834,14_3,Nagarkurnool,2022-03-01,2595.0,50501834.0,2593.0,49114636.0
835,14_3,Nagarkurnool,2022-04-01,2308.0,44535076.0,2406.0,48755603.0
836,14_3,Nagarkurnool,2022-05-01,2175.0,47900830.0,2278.0,47346177.0
837,14_3,Nagarkurnool,2022-06-01,2125.0,47414452.0,2196.0,44544904.0
838,14_3,Nagarkurnool,2022-07-01,2036.0,37936678.0,2185.0,39913424.0
839,14_3,Nagarkurnool,2022-08-01,1998.0,39184503.0,1989.0,38221212.0
840,14_3,Nagarkurnool,2022-09-01,2341.0,47520510.0,2421.0,46425308.0
841,14_3,Nagarkurnool,2022-10-01,1882.0,36974439.0,1932.0,36788309.0
842,14_3,Nagarkurnool,2022-11-01,2155.0,43697390.0,2275.0,44431440.0
843,14_3,Nagarkurnool,2022-12-01,2197.0,36811871.0,2212.0,37237639.0
844,14_3,Nagarkurnool,2023-01-01,2033.0,34088377.0,2172.0,35680723.0
845,14_3,Nagarkurnool,2023-02-01,2103.0,36437634.0,2066.0,35458677.0
846,14_3,Nagarkurnool,2023-03-01,2412.0,48372295.0,2475.0,48439941.0
847,23_1,Nalgonda,2019-04-01,6133.0,82593256.0,0.0,0.0
848,23_1,Nalgonda,2019-05-01,6592.0,90267315.0,0.0,0.0
849,23_1,Nalgonda,2019-06-01,7146.0,104282218.0,0.0,0.0
850,23_1,Nalgonda,2019-07-01,8928.0,115173858.0,0.0,0.0
851,23_1,Nalgonda,2019-08-01,7301.0,88276635.0,0.0,0.0
852,23_1,Nalgonda,2019-09-01,7337.0,87408229.0,0.0,0.0
853,23_1,Nalgonda,2019-10-01,6399.0,77880007.0,0.0,0.0
854,23_1,Nalgonda,2019-11-01,5631.0,83622562.0,0.0,0.0
855,23_1,Nalgonda,2019-12-01,6615.0,89382067.0,0.0,0.0
856,23_1,Nalgonda,2020-01-01,5881.0,68267206.0,0.0,0.0
857,23_1,Nalgonda,2020-02-01,8209.0,103263040.0,0.0,0.0
858,23_1,Nalgonda,2020-03-01,5744.0,69051364.0,0.0,0.0
859,23_1,Nalgonda,2020-04-01,195.0,3249291.0,0.0,0.0
860,23_1,Nalgonda,2020-05-01,5459.0,57559583.0,0.0,0.0
861,23_1,Nalgonda,2020-06-01,9957.0,93225717.0,0.0,0.0
862,23_1,Nalgonda,2020-07-01,8091.0,200034404.0,0.0,0.0
863,23_1,Nalgonda,2020-08-01,5610.0,106279664.0,0.0,0.0
864,23_1,Nalgonda,2020-09-01,1281.0,13842466.0,0.0,0.0
865,23_1,Nalgonda,2020-10-01,8.0,8800.0,0.0,0.0
866,23_1,Nalgonda,2020-11-01,0.0,0.0,0.0,0.0
867,23_1,Nalgonda,2020-12-01,1741.0,41179158.0,2087.0,44821744.0
868,23_1,Nalgonda,2021-01-01,8549.0,129561395.0,8701.0,127273791.0
869,23_1,Nalgonda,2021-02-01,6963.0,108491776.0,7045.0,113320097.0
870,23_1,Nalgonda,2021-03-01,6987.0,122097867.0,7444.0,123801118.0
871,23_1,Nalgonda,2021-04-01,5901.0,96865061.0,5915.0,94722515.0
872,23_1,Nalgonda,2021-05-01,1334.0,22656148.0,1274.0,20381319.0
873,23_1,Nalgonda,2021-06-01,4721.0,79515393.0,5143.0,83238729.0
874,23_1,Nalgonda,2021-07-01,6327.0,135986699.0,6743.0,148708243.0
875,23_1,Nalgonda,2021-08-01,4721.0,136671501.0,4820.0,127952309.0
876,23_1,Nalgonda,2021-10-01,4500.0,119963039.0,4525.0,115813911.0
877,23_1,Nalgonda,2021-11-01,3837.0,104360769.0,3914.0,104877460.0
878,23_1,Nalgonda,2021-12-01,4643.0,119571114.0,4683.0,121657487.0
879,23_1,Nalgonda,2022-01-01,4902.0,121215791.0,5928.0,153618985.0
880,23_1,Nalgonda,2022-02-01,4724.0,136999151.0,4196.0,105561293.0
881,23_1,Nalgonda,2022-03-01,5272.0,142261728.0,5431.0,144746643.0
882,23_1,Nalgonda,2022-04-01,4357.0,121359247.0,4476.0,120554337.0
883,23_1,Nalgonda,2022-05-01,4332.0,125675316.0,4360.0,124802408.0
884,23_1,Nalgonda,2022-06-01,4155.0,116553271.0,4302.0,118240960.0
885,23_1,Nalgonda,2022-07-01,4354.0,118724734.0,4470.0,119439469.0
886,23_1,Nalgonda,2022-08-01,3837.0,104828788.0,3892.0,107144224.0
887,23_1,Nalgonda,2022-09-01,4260.0,121333083.0,4299.0,118647525.0
888,23_1,Nalgonda,2022-10-01,3361.0,100036661.0,3429.0,98427398.0
889,23_1,Nalgonda,2022-11-01,3842.0,107944880.0,3980.0,110195247.0
890,23_1,Nalgonda,2022-12-01,4434.0,114308244.0,4361.0,112865647.0
891,23_1,Nalgonda,2023-01-01,4116.0,101341119.0,4337.0,107080647.0
892,23_1,Nalgonda,2023-02-01,4227.0,106442600.0,4297.0,106085878.0
893,23_1,Nalgonda,2023-03-01,5806.0,132022152.0,5997.0,135318190.0
894,14_5,Narayanpet,2019-04-01,2091.0,13948976.0,0.0,0.0
895,14_5,Narayanpet,2019-05-01,1615.0,11855661.0,0.0,0.0
896,14_5,Narayanpet,2019-06-01,1701.0,12770293.0,0.0,0.0
897,14_5,Narayanpet,2019-07-01,2187.0,16498551.0,0.0,0.0
898,14_5,Narayanpet,2019-08-01,1826.0,12672060.0,0.0,0.0
899,14_5,Narayanpet,2019-09-01,1778.0,14008668.0,0.0,0.0
900,14_5,Narayanpet,2019-10-01,1595.0,11858788.0,0.0,0.0
901,14_5,Narayanpet,2019-11-01,1495.0,12984080.0,0.0,0.0
902,14_5,Narayanpet,2019-12-01,1826.0,13948618.0,0.0,0.0
903,14_5,Narayanpet,2020-01-01,1512.0,10865635.0,0.0,0.0
904,14_5,Narayanpet,2020-02-01,2130.0,15190030.0,0.0,0.0
905,14_5,Narayanpet,2020-03-01,1839.0,13097423.0,0.0,0.0
906,14_5,Narayanpet,2020-04-01,55.0,448760.0,0.0,0.0
907,14_5,Narayanpet,2020-05-01,943.0,7499276.0,0.0,0.0
908,14_5,Narayanpet,2020-06-01,1880.0,13632959.0,0.0,0.0
909,14_5,Narayanpet,2020-07-01,2482.0,17181168.0,0.0,0.0
910,14_5,Narayanpet,2020-08-01,1843.0,9868395.0,0.0,0.0
911,14_5,Narayanpet,2020-09-01,574.0,3192380.0,0.0,0.0
912,14_5,Narayanpet,2020-10-01,0.0,0.0,0.0,0.0
913,14_5,Narayanpet,2020-11-01,0.0,0.0,0.0,0.0
914,14_5,Narayanpet,2020-12-01,202.0,1718829.0,233.0,2066770.0
915,14_5,Narayanpet,2021-01-01,1414.0,19863923.0,1502.0,21335521.0
916,14_5,Narayanpet,2021-02-01,1079.0,14663381.0,1043.0,12734876.0
917,14_5,Narayanpet,2021-03-01,1094.0,12617140.0,1112.0,12954135.0
918,14_5,Narayanpet,2021-04-01,921.0,10540870.0,936.0,20859035.0
919,14_5,Narayanpet,2021-05-01,220.0,13008376.0,224.0,2413041.0
920,14_5,Narayanpet,2021-06-01,773.0,9847223.0,807.0,20747984.0
921,14_5,Narayanpet,2021-07-01,834.0,22507198.0,915.0,12356449.0
922,14_5,Narayanpet,2021-08-01,603.0,12875545.0,644.0,13511899.0
923,14_5,Narayanpet,2021-10-01,695.0,30798357.0,744.0,31681987.0
924,14_5,Narayanpet,2021-11-01,735.0,13091576.0,746.0,12507056.0
925,14_5,Narayanpet,2021-12-01,837.0,31344341.0,857.0,31847116.0
926,14_5,Narayanpet,2022-01-01,1059.0,22639595.0,1166.0,25929441.0
927,14_5,Narayanpet,2022-02-01,696.0,15145845.0,695.0,14253893.0
928,14_5,Narayanpet,2022-03-01,951.0,19924894.0,965.0,19183620.0
929,14_5,Narayanpet,2022-04-01,984.0,23475205.0,1010.0,23470165.0
930,14_5,Narayanpet,2022-05-01,876.0,20066197.0,982.0,21665246.0
931,14_5,Narayanpet,2022-06-01,746.0,17119079.0,800.0,18043300.0
932,14_5,Narayanpet,2022-07-01,770.0,20197334.0,726.0,18560619.0
933,14_5,Narayanpet,2022-08-01,654.0,13711592.0,690.0,15014978.0
934,14_5,Narayanpet,2022-09-01,782.0,19708896.0,800.0,19295401.0
935,14_5,Narayanpet,2022-10-01,612.0,15011952.0,642.0,14760946.0
936,14_5,Narayanpet,2022-11-01,725.0,13551510.0,769.0,14524190.0
937,14_5,Narayanpet,2022-12-01,957.0,21817533.0,951.0,54941667.0
938,14_5,Narayanpet,2023-01-01,784.0,50514172.0,818.0,16939177.0
939,14_5,Narayanpet,2023-02-01,887.0,21092647.0,932.0,22899250.0
940,14_5,Narayanpet,2023-03-01,980.0,23898383.0,1026.0,23106330.0
941,19_2,Nirmal,2019-04-01,1767.0,18940764.0,0.0,0.0
942,19_2,Nirmal,2019-05-01,1788.0,20714061.0,0.0,0.0
943,19_2,Nirmal,2019-06-01,1860.0,20888875.0,0.0,0.0
944,19_2,Nirmal,2019-07-01,2127.0,22890600.0,0.0,0.0
945,19_2,Nirmal,2019-08-01,1523.0,15199278.0,0.0,0.0
946,19_2,Nirmal,2019-09-01,1675.0,15998743.0,0.0,0.0
947,19_2,Nirmal,2019-10-01,1596.0,16085446.0,0.0,0.0
948,19_2,Nirmal,2019-11-01,1342.0,14521330.0,0.0,0.0
949,19_2,Nirmal,2019-12-01,1762.0,19964775.0,0.0,0.0
950,19_2,Nirmal,2020-01-01,1319.0,15156989.0,0.0,0.0
951,19_2,Nirmal,2020-02-01,1961.0,20439919.0,0.0,0.0
952,19_2,Nirmal,2020-03-01,1591.0,16975713.0,0.0,0.0
953,19_2,Nirmal,2020-04-01,23.0,373625.0,0.0,0.0
954,19_2,Nirmal,2020-05-01,966.0,10058350.0,0.0,0.0
955,19_2,Nirmal,2020-06-01,2350.0,23977844.0,0.0,0.0
956,19_2,Nirmal,2020-07-01,2401.0,19753266.0,0.0,0.0
957,19_2,Nirmal,2020-08-01,1642.0,15773984.0,0.0,0.0
958,19_2,Nirmal,2020-09-01,283.0,2307720.0,0.0,0.0
959,19_2,Nirmal,2020-10-01,0.0,0.0,0.0,0.0
960,19_2,Nirmal,2020-11-01,0.0,0.0,0.0,0.0
961,19_2,Nirmal,2020-12-01,160.0,2977435.0,182.0,3200390.0
962,19_2,Nirmal,2021-01-01,1427.0,21685795.0,1504.0,22071080.0
963,19_2,Nirmal,2021-02-01,1350.0,18523187.0,1343.0,17029208.0
964,19_2,Nirmal,2021-03-01,1561.0,21560244.0,1825.0,25447309.0
965,19_2,Nirmal,2021-04-01,1278.0,17376631.0,1212.0,16376752.0
966,19_2,Nirmal,2021-05-01,396.0,5294856.0,366.0,4615699.0
967,19_2,Nirmal,2021-06-01,1115.0,14269120.0,1194.0,15483510.0
968,19_2,Nirmal,2021-07-01,1181.0,18777018.0,1279.0,20041816.0
969,19_2,Nirmal,2021-08-01,918.0,18067136.0,946.0,18329133.0
970,19_2,Nirmal,2021-10-01,1855.0,37090378.0,1822.0,34275814.0
971,19_2,Nirmal,2021-11-01,1240.0,26276603.0,1396.0,27483419.0
972,19_2,Nirmal,2021-12-01,1873.0,40547506.0,1847.0,41350121.0
973,19_2,Nirmal,2022-01-01,1819.0,42181883.0,1997.0,42101890.0
974,19_2,Nirmal,2022-02-01,1345.0,28738636.0,1553.0,38670276.0
975,19_2,Nirmal,2022-03-01,1705.0,46737242.0,1544.0,35149635.0
976,19_2,Nirmal,2022-04-01,1303.0,35864652.0,1347.0,36164438.0
977,19_2,Nirmal,2022-05-01,1326.0,29781771.0,1309.0,29056396.0
978,19_2,Nirmal,2022-06-01,1321.0,31686371.0,1357.0,32650406.0
979,19_2,Nirmal,2022-07-01,980.0,24530135.0,999.0,26783971.0
980,19_2,Nirmal,2022-08-01,1017.0,27530795.0,1091.0,25892243.0
981,19_2,Nirmal,2022-09-01,951.0,20632662.0,913.0,18841874.0
982,19_2,Nirmal,2022-10-01,875.0,20707701.0,891.0,21851904.0
983,19_2,Nirmal,2022-11-01,1084.0,28563022.0,1115.0,29132303.0
984,19_2,Nirmal,2022-12-01,1095.0,24121734.0,1069.0,28643040.0
985,19_2,Nirmal,2023-01-01,962.0,21171939.0,1235.0,26203997.0
986,19_2,Nirmal,2023-02-01,1539.0,31026011.0,1451.0,28481479.0
987,19_2,Nirmal,2023-03-01,1361.0,42966869.0,1378.0,41977010.0
988,18_1,Nizamabad,2019-04-01,4562.0,60415544.0,0.0,0.0
989,18_1,Nizamabad,2019-05-01,5047.0,71038874.0,0.0,0.0
990,18_1,Nizamabad,2019-06-01,5258.0,66957257.0,0.0,0.0
991,18_1,Nizamabad,2019-07-01,5749.0,74149259.0,0.0,0.0
992,18_1,Nizamabad,2019-08-01,5062.0,62483945.0,0.0,0.0
993,18_1,Nizamabad,2019-09-01,4738.0,54820621.0,0.0,0.0
994,18_1,Nizamabad,2019-10-01,4583.0,60778637.0,0.0,0.0
995,18_1,Nizamabad,2019-11-01,4536.0,62130368.0,0.0,0.0
996,18_1,Nizamabad,2019-12-01,5453.0,77453907.0,0.0,0.0
997,18_1,Nizamabad,2020-01-01,5194.0,59314154.0,0.0,0.0
998,18_1,Nizamabad,2020-02-01,5691.0,67972419.0,0.0,0.0
999,18_1,Nizamabad,2020-03-01,4168.0,56216847.0,0.0,0.0
1000,18_1,Nizamabad,2020-04-01,507.0,1083955.0,0.0,0.0
1001,18_1,Nizamabad,2020-05-01,3803.0,46347922.0,0.0,0.0
1002,18_1,Nizamabad,2020-06-01,5664.0,65634582.0,0.0,0.0
1003,18_1,Nizamabad,2020-07-01,4970.0,62997902.0,0.0,0.0
1004,18_1,Nizamabad,2020-08-01,5299.0,66790432.0,0.0,0.0
1005,18_1,Nizamabad,2020-09-01,1398.0,12833431.0,0.0,0.0
1006,18_1,Nizamabad,2020-10-01,5.0,5500.0,0.0,0.0
1007,18_1,Nizamabad,2020-11-01,8.0,8800.0,0.0,0.0
1008,18_1,Nizamabad,2020-12-01,1463.0,43642023.0,1727.0,52091325.0
1009,18_1,Nizamabad,2021-01-01,7154.0,146747246.0,7515.0,144547418.0
1010,18_1,Nizamabad,2021-02-01,7167.0,117576137.0,7106.0,115846156.0
1011,18_1,Nizamabad,2021-03-01,6056.0,116813896.0,6373.0,119947201.0
1012,18_1,Nizamabad,2021-04-01,4054.0,68844805.0,4121.0,66604950.0
1013,18_1,Nizamabad,2021-05-01,1115.0,23028397.0,1132.0,21282193.0
1014,18_1,Nizamabad,2021-06-01,4124.0,74337430.0,5103.0,81996371.0
1015,18_1,Nizamabad,2021-07-01,4979.0,109687322.0,5839.0,113775408.0
1016,18_1,Nizamabad,2021-08-01,4356.0,117415214.0,4758.0,118814225.0
1017,18_1,Nizamabad,2021-10-01,4199.0,124524036.0,4368.0,130966758.0
1018,18_1,Nizamabad,2021-11-01,4057.0,118192065.0,4335.0,113029788.0
1019,18_1,Nizamabad,2021-12-01,4755.0,131511775.0,4988.0,130736443.0
1020,18_1,Nizamabad,2022-01-01,4977.0,140585453.0,5888.0,161862023.0
1021,18_1,Nizamabad,2022-02-01,4032.0,117127388.0,3664.0,97950435.0
1022,18_1,Nizamabad,2022-03-01,4403.0,125802861.0,4665.0,128191400.0
1023,18_1,Nizamabad,2022-04-01,3423.0,102037591.0,3492.0,101095524.0
1024,18_1,Nizamabad,2022-05-01,3873.0,110012852.0,4025.0,116946832.0
1025,18_1,Nizamabad,2022-06-01,3965.0,119484825.0,3951.0,115946663.0
1026,18_1,Nizamabad,2022-07-01,3161.0,103854975.0,3305.0,105456567.0
1027,18_1,Nizamabad,2022-08-01,3559.0,127143504.0,3752.0,130819001.0
1028,18_1,Nizamabad,2022-09-01,3831.0,128996874.0,3944.0,123526578.0
1029,18_1,Nizamabad,2022-10-01,3177.0,103483858.0,3272.0,105216212.0
1030,18_1,Nizamabad,2022-11-01,3804.0,127141742.0,3976.0,128740049.0
1031,18_1,Nizamabad,2022-12-01,4440.0,145018110.0,4658.0,145874652.0
1032,18_1,Nizamabad,2023-01-01,4076.0,121234859.0,4347.0,125215308.0
1033,18_1,Nizamabad,2023-02-01,3920.0,122757854.0,4181.0,126174222.0
1034,18_1,Nizamabad,2023-03-01,4435.0,130499913.0,4517.0,124441269.0
1035,20_4,Peddapalli,2019-04-01,1384.0,27467135.0,0.0,0.0
1036,20_4,Peddapalli,2019-05-01,1554.0,27369396.0,0.0,0.0
1037,20_4,Peddapalli,2019-06-01,2053.0,33732651.0,0.0,0.0
1038,20_4,Peddapalli,2019-07-01,2236.0,34112815.0,0.0,0.0
1039,20_4,Peddapalli,2019-08-01,1842.0,31819721.0,0.0,0.0
1040,20_4,Peddapalli,2019-09-01,1574.0,24092340.0,0.0,0.0
1041,20_4,Peddapalli,2019-10-01,2008.0,25252869.0,0.0,0.0
1042,20_4,Peddapalli,2019-11-01,1733.0,24768431.0,0.0,0.0
1043,20_4,Peddapalli,2019-12-01,1941.0,29201390.0,0.0,0.0
1044,20_4,Peddapalli,2020-01-01,1528.0,31381830.0,0.0,0.0
1045,20_4,Peddapalli,2020-02-01,1972.0,35184230.0,0.0,0.0
1046,20_4,Peddapalli,2020-03-01,1734.0,28372288.0,0.0,0.0
1047,20_4,Peddapalli,2020-04-01,46.0,1237635.0,0.0,0.0
1048,20_4,Peddapalli,2020-05-01,1247.0,25274662.0,0.0,0.0
1049,20_4,Peddapalli,2020-06-01,2041.0,33122565.0,0.0,0.0
1050,20_4,Peddapalli,2020-07-01,2008.0,43776827.0,0.0,0.0
1051,20_4,Peddapalli,2020-08-01,1587.0,24123858.0,0.0,0.0
1052,20_4,Peddapalli,2020-09-01,442.0,5707537.0,0.0,0.0
1053,20_4,Peddapalli,2020-10-01,0.0,0.0,0.0,0.0
1054,20_4,Peddapalli,2020-11-01,2.0,2200.0,0.0,0.0
1055,20_4,Peddapalli,2020-12-01,288.0,8571375.0,325.0,9173345.0
1056,20_4,Peddapalli,2021-01-01,1540.0,35298150.0,1526.0,34635106.0
1057,20_4,Peddapalli,2021-02-01,2054.0,46597190.0,2248.0,48476258.0
1058,20_4,Peddapalli,2021-03-01,2522.0,53764905.0,2393.0,52096800.0
1059,20_4,Peddapalli,2021-04-01,1487.0,37243838.0,1611.0,39987198.0
1060,20_4,Peddapalli,2021-05-01,387.0,10313321.0,361.0,8984989.0
1061,20_4,Peddapalli,2021-06-01,1274.0,33853944.0,1480.0,38808666.0
1062,20_4,Peddapalli,2021-07-01,1771.0,46881606.0,2002.0,47390191.0
1063,20_4,Peddapalli,2021-08-01,1252.0,49098127.0,1297.0,48473037.0
1064,20_4,Peddapalli,2021-10-01,1091.0,43566119.0,1172.0,41833639.0
1065,20_4,Peddapalli,2021-11-01,975.0,43242775.0,1005.0,45667490.0
1066,20_4,Peddapalli,2021-12-01,1361.0,55446849.0,1379.0,53328909.0
1067,20_4,Peddapalli,2022-01-01,1304.0,72953110.0,1390.0,75302675.0
1068,20_4,Peddapalli,2022-02-01,814.0,38336268.0,891.0,40357221.0
1069,20_4,Peddapalli,2022-03-01,1635.0,69075770.0,1682.0,67889754.0
1070,20_4,Peddapalli,2022-04-01,1217.0,52079295.0,1267.0,52919850.0
1071,20_4,Peddapalli,2022-05-01,1177.0,55319046.0,1203.0,61010707.0
1072,20_4,Peddapalli,2022-06-01,1132.0,62359926.0,1141.0,58337923.0
1073,20_4,Peddapalli,2022-07-01,907.0,38040150.0,951.0,40699289.0
1074,20_4,Peddapalli,2022-08-01,981.0,43236533.0,1001.0,42184867.0
1075,20_4,Peddapalli,2022-09-01,1150.0,52495487.0,1200.0,50024652.0
1076,20_4,Peddapalli,2022-10-01,1002.0,42617639.0,992.0,44153763.0
1077,20_4,Peddapalli,2022-11-01,1284.0,55755488.0,1310.0,55053518.0
1078,20_4,Peddapalli,2022-12-01,1496.0,57282591.0,1479.0,57747406.0
1079,20_4,Peddapalli,2023-01-01,1343.0,48484643.0,1457.0,49799397.0
1080,20_4,Peddapalli,2023-02-01,1319.0,48693380.0,1337.0,49561104.0
1081,20_4,Peddapalli,2023-03-01,1510.0,54036552.0,1596.0,57171081.0
1082,20_3,Rajanna Sircilla,2019-04-01,2116.0,23674170.0,0.0,0.0
1083,20_3,Rajanna Sircilla,2019-05-01,2097.0,23745502.0,0.0,0.0
1084,20_3,Rajanna Sircilla,2019-06-01,2388.0,27212704.0,0.0,0.0
1085,20_3,Rajanna Sircilla,2019-07-01,2413.0,25639647.0,0.0,0.0
1086,20_3,Rajanna Sircilla,2019-08-01,2493.0,22575950.0,0.0,0.0
1087,20_3,Rajanna Sircilla,2019-09-01,2409.0,21464218.0,0.0,0.0
1088,20_3,Rajanna Sircilla,2019-10-01,2155.0,20876708.0,0.0,0.0
1089,20_3,Rajanna Sircilla,2019-11-01,1968.0,19924292.0,0.0,0.0
1090,20_3,Rajanna Sircilla,2019-12-01,2261.0,21228175.0,0.0,0.0
1091,20_3,Rajanna Sircilla,2020-01-01,1917.0,19918125.0,0.0,0.0
1092,20_3,Rajanna Sircilla,2020-02-01,2486.0,24879936.0,0.0,0.0
1093,20_3,Rajanna Sircilla,2020-03-01,2068.0,18392715.0,0.0,0.0
1094,20_3,Rajanna Sircilla,2020-04-01,126.0,187510.0,0.0,0.0
1095,20_3,Rajanna Sircilla,2020-05-01,1425.0,14700340.0,0.0,0.0
1096,20_3,Rajanna Sircilla,2020-06-01,2484.0,23699624.0,0.0,0.0
1097,20_3,Rajanna Sircilla,2020-07-01,2264.0,19409973.0,0.0,0.0
1098,20_3,Rajanna Sircilla,2020-08-01,2138.0,17423399.0,0.0,0.0
1099,20_3,Rajanna Sircilla,2020-09-01,410.0,3532090.0,0.0,0.0
1100,20_3,Rajanna Sircilla,2020-10-01,4.0,4400.0,0.0,0.0
1101,20_3,Rajanna Sircilla,2020-11-01,2.0,2200.0,0.0,0.0
1102,20_3,Rajanna Sircilla,2020-12-01,317.0,4014287.0,313.0,3852147.0
1103,20_3,Rajanna Sircilla,2021-01-01,1667.0,19340158.0,1700.0,19576930.0
1104,20_3,Rajanna Sircilla,2021-02-01,2238.0,26235213.0,2227.0,26474128.0
1105,20_3,Rajanna Sircilla,2021-03-01,2277.0,26378069.0,2234.0,25457866.0
1106,20_3,Rajanna Sircilla,2021-04-01,1403.0,16496300.0,1374.0,16480338.0
1107,20_3,Rajanna Sircilla,2021-05-01,142.0,1487250.0,153.0,1638261.0
1108,20_3,Rajanna Sircilla,2021-06-01,1924.0,21477044.0,2047.0,22282195.0
1109,20_3,Rajanna Sircilla,2021-07-01,1837.0,25197803.0,1846.0,25639313.0
1110,20_3,Rajanna Sircilla,2021-08-01,1468.0,29893907.0,1461.0,29608047.0
1111,20_3,Rajanna Sircilla,2021-10-01,1188.0,21876822.0,1217.0,22346034.0
1112,20_3,Rajanna Sircilla,2021-11-01,1121.0,21606293.0,1144.0,21402553.0
1113,20_3,Rajanna Sircilla,2021-12-01,1982.0,36218391.0,1954.0,37787786.0
1114,20_3,Rajanna Sircilla,2022-01-01,1970.0,42329849.0,2241.0,47503534.0
1115,20_3,Rajanna Sircilla,2022-02-01,1583.0,37596254.0,1520.0,31933233.0
1116,20_3,Rajanna Sircilla,2022-03-01,1845.0,37753914.0,1832.0,37695184.0
1117,20_3,Rajanna Sircilla,2022-04-01,1615.0,36241329.0,1659.0,36531525.0
1118,20_3,Rajanna Sircilla,2022-05-01,1625.0,35583211.0,1662.0,37500026.0
1119,20_3,Rajanna Sircilla,2022-06-01,1294.0,28917193.0,1280.0,28108723.0
1120,20_3,Rajanna Sircilla,2022-07-01,1538.0,36197653.0,1559.0,36656253.0
1121,20_3,Rajanna Sircilla,2022-08-01,1355.0,31110454.0,1412.0,33796619.0
1122,20_3,Rajanna Sircilla,2022-09-01,2155.0,49629053.0,2122.0,49178446.0
1123,20_3,Rajanna Sircilla,2022-10-01,1457.0,33213252.0,1449.0,32811948.0
1124,20_3,Rajanna Sircilla,2022-11-01,1568.0,37185140.0,1568.0,38783348.0
1125,20_3,Rajanna Sircilla,2022-12-01,1856.0,39239087.0,1842.0,37552767.0
1126,20_3,Rajanna Sircilla,2023-01-01,1998.0,42559764.0,2021.0,42506769.0
1127,20_3,Rajanna Sircilla,2023-02-01,1740.0,34638402.0,1763.0,34704002.0
1128,20_3,Rajanna Sircilla,2023-03-01,2236.0,48122659.0,2247.0,47762729.0
1129,15_1,Rangareddy,2019-04-01,29436.0,2026355727.0,0.0,0.0
1130,15_1,Rangareddy,2019-05-01,31310.0,2027201202.0,0.0,0.0
1131,15_1,Rangareddy,2019-06-01,24084.0,2089441609.0,0.0,0.0
1132,15_1,Rangareddy,2019-07-01,29063.0,1762830038.0,0.0,0.0
1133,15_1,Rangareddy,2019-08-01,27288.0,2010161113.0,0.0,0.0
1134,15_1,Rangareddy,2019-09-01,25274.0,1933407716.0,0.0,0.0
1135,15_1,Rangareddy,2019-10-01,24410.0,1808694819.0,0.0,0.0
1136,15_1,Rangareddy,2019-11-01,24308.0,1900190527.0,0.0,0.0
1137,15_1,Rangareddy,2019-12-01,25924.0,2050739767.0,0.0,0.0
1138,15_1,Rangareddy,2020-01-01,22237.0,1805104882.0,0.0,0.0
1139,15_1,Rangareddy,2020-02-01,26299.0,2200943399.0,0.0,0.0
1140,15_1,Rangareddy,2020-03-01,19281.0,1634579400.0,0.0,0.0
1141,15_1,Rangareddy,2020-04-01,411.0,40548790.0,0.0,0.0
1142,15_1,Rangareddy,2020-05-01,8235.0,696376142.0,0.0,0.0
1143,15_1,Rangareddy,2020-06-01,17301.0,1340168790.0,0.0,0.0
1144,15_1,Rangareddy,2020-07-01,15985.0,1145364702.0,0.0,0.0
1145,15_1,Rangareddy,2020-08-01,15826.0,1466457963.0,0.0,0.0
1146,15_1,Rangareddy,2020-09-01,3140.0,378347267.0,0.0,0.0
1147,15_1,Rangareddy,2020-10-01,77.0,84800.0,0.0,0.0
1148,15_1,Rangareddy,2020-11-01,30.0,33000.0,0.0,0.0
1149,15_1,Rangareddy,2020-12-01,11189.0,1792042623.0,13168.0,2074270805.0
1150,15_1,Rangareddy,2021-01-01,29331.0,2927198637.0,30526.0,2998803477.0
1151,15_1,Rangareddy,2021-02-01,25991.0,2642344782.0,26731.0,2597611681.0
1152,15_1,Rangareddy,2021-03-01,28520.0,2956838178.0,29875.0,2984010113.0
1153,15_1,Rangareddy,2021-04-01,21898.0,2018852163.0,22535.0,2083518088.0
1154,15_1,Rangareddy,2021-05-01,4750.0,396668147.0,4619.0,407873854.0
1155,15_1,Rangareddy,2021-06-01,18333.0,2077594946.0,20683.0,2221325990.0
1156,15_1,Rangareddy,2021-07-01,25965.0,3702422339.0,28135.0,3912082631.0
1157,15_1,Rangareddy,2021-08-01,18465.0,2571595770.0,20042.0,2680426002.0
1158,15_1,Rangareddy,2021-10-01,19561.0,2689013140.0,20785.0,2695026933.0
1159,15_1,Rangareddy,2021-11-01,20712.0,3508006943.0,21708.0,3451237270.0
1160,15_1,Rangareddy,2021-12-01,23804.0,3615678359.0,24783.0,3637276396.0
1161,15_1,Rangareddy,2022-01-01,24420.0,4073496212.0,27045.0,4294273078.0
1162,15_1,Rangareddy,2022-02-01,19924.0,3651414062.0,20412.0,3255572073.0
1163,15_1,Rangareddy,2022-03-01,23614.0,3560733909.0,25016.0,3694327454.0
1164,15_1,Rangareddy,2022-04-01,20482.0,3827108069.0,21615.0,3995805965.0
1165,15_1,Rangareddy,2022-05-01,20591.0,3315596443.0,21722.0,3307019756.0
1166,15_1,Rangareddy,2022-06-01,19902.0,3189161131.0,20747.0,3052058286.0
1167,15_1,Rangareddy,2022-07-01,18794.0,2787068800.0,19878.0,2868325989.0
1168,15_1,Rangareddy,2022-08-01,18330.0,3165250183.0,19162.0,3268908071.0
1169,15_1,Rangareddy,2022-09-01,18805.0,2880499154.0,19805.0,3005744029.0
1170,15_1,Rangareddy,2022-10-01,16350.0,2778577494.0,17170.0,2658917737.0
1171,15_1,Rangareddy,2022-11-01,19783.0,3003051570.0,20894.0,3078030940.0
1172,15_1,Rangareddy,2022-12-01,21409.0,3233570311.0,22066.0,3476461573.0
1173,15_1,Rangareddy,2023-01-01,17671.0,2968698366.0,19201.0,2911793905.0
1174,15_1,Rangareddy,2023-02-01,19027.0,2975677528.0,19878.0,3009512192.0
1175,15_1,Rangareddy,2023-03-01,21524.0,3573491897.0,23030.0,3716779175.0
1176,17_2,Sangareddy,2019-04-01,8316.0,418960714.0,0.0,0.0
1177,17_2,Sangareddy,2019-05-01,8494.0,425344246.0,0.0,0.0
1178,17_2,Sangareddy,2019-06-01,8251.0,388914751.0,0.0,0.0
1179,17_2,Sangareddy,2019-07-01,10308.0,406370671.0,0.0,0.0
1180,17_2,Sangareddy,2019-08-01,9685.0,413909852.0,0.0,0.0
1181,17_2,Sangareddy,2019-09-01,8096.0,436896437.0,0.0,0.0
1182,17_2,Sangareddy,2019-10-01,7535.0,322031312.0,0.0,0.0
1183,17_2,Sangareddy,2019-11-01,7917.0,326206436.0,0.0,0.0
1184,17_2,Sangareddy,2019-12-01,8615.0,384598579.0,0.0,0.0
1185,17_2,Sangareddy,2020-01-01,7369.0,280243584.0,0.0,0.0
1186,17_2,Sangareddy,2020-02-01,9486.0,404209098.0,0.0,0.0
1187,17_2,Sangareddy,2020-03-01,7382.0,389937640.0,0.0,0.0
1188,17_2,Sangareddy,2020-04-01,115.0,2450622.0,0.0,0.0
1189,17_2,Sangareddy,2020-05-01,4114.0,102895138.0,0.0,0.0
1190,17_2,Sangareddy,2020-06-01,7891.0,231403341.0,0.0,0.0
1191,17_2,Sangareddy,2020-07-01,7812.0,267403842.0,0.0,0.0
1192,17_2,Sangareddy,2020-08-01,6556.0,271109530.0,0.0,0.0
1193,17_2,Sangareddy,2020-09-01,1410.0,86920303.0,0.0,0.0
1194,17_2,Sangareddy,2020-10-01,5.0,5700.0,0.0,0.0
1195,17_2,Sangareddy,2020-11-01,3.0,3300.0,0.0,0.0
1196,17_2,Sangareddy,2020-12-01,2877.0,214132651.0,3354.0,251767884.0
1197,17_2,Sangareddy,2021-01-01,8148.0,590462146.0,8318.0,575419839.0
1198,17_2,Sangareddy,2021-02-01,6945.0,444599080.0,7185.0,493804570.0
1199,17_2,Sangareddy,2021-03-01,7882.0,597908360.0,8248.0,605185751.0
1200,17_2,Sangareddy,2021-04-01,5598.0,334373836.0,5929.0,381192543.0
1201,17_2,Sangareddy,2021-05-01,1761.0,111249215.0,2466.0,89184701.0
1202,17_2,Sangareddy,2021-06-01,5522.0,365428582.0,5912.0,429095813.0
1203,17_2,Sangareddy,2021-07-01,6496.0,590248802.0,7688.0,668815328.0
1204,17_2,Sangareddy,2021-08-01,5741.0,651691746.0,5845.0,575969565.0
1205,17_2,Sangareddy,2021-10-01,5494.0,573226514.0,5800.0,582851656.0
1206,17_2,Sangareddy,2021-11-01,5666.0,671048962.0,6226.0,698017526.0
1207,17_2,Sangareddy,2021-12-01,7192.0,880575591.0,7596.0,849615176.0
1208,17_2,Sangareddy,2022-01-01,6788.0,686612911.0,7613.0,747976314.0
1209,17_2,Sangareddy,2022-02-01,6497.0,710409599.0,6523.0,695995363.0
1210,17_2,Sangareddy,2022-03-01,7009.0,769519359.0,7907.0,803722274.0
1211,17_2,Sangareddy,2022-04-01,6628.0,685690327.0,6508.0,689195855.0
1212,17_2,Sangareddy,2022-05-01,6185.0,633377303.0,6652.0,633673028.0
1213,17_2,Sangareddy,2022-06-01,5907.0,678801375.0,6110.0,648241383.0
1214,17_2,Sangareddy,2022-07-01,5406.0,541290005.0,6097.0,615808901.0
1215,17_2,Sangareddy,2022-08-01,5486.0,629422943.0,5551.0,605212052.0
1216,17_2,Sangareddy,2022-09-01,5908.0,769381700.0,6284.0,809853521.0
1217,17_2,Sangareddy,2022-10-01,5366.0,669688088.0,5194.0,597593001.0
1218,17_2,Sangareddy,2022-11-01,5720.0,703769297.0,6255.0,763951173.0
1219,17_2,Sangareddy,2022-12-01,6473.0,801243285.0,6623.0,760514938.0
1220,17_2,Sangareddy,2023-01-01,5537.0,661440177.0,5968.0,670181601.0
1221,17_2,Sangareddy,2023-02-01,5803.0,660210895.0,6101.0,737968006.0
1222,17_2,Sangareddy,2023-03-01,7299.0,838884926.0,7004.0,727411843.0
1223,17_3,Siddipet,2019-04-01,4151.0,41508762.0,0.0,0.0
1224,17_3,Siddipet,2019-05-01,4478.0,49926112.0,0.0,0.0
1225,17_3,Siddipet,2019-06-01,5625.0,50053613.0,0.0,0.0
1226,17_3,Siddipet,2019-07-01,5575.0,47714647.0,0.0,0.0
1227,17_3,Siddipet,2019-08-01,5798.0,62277913.0,0.0,0.0
1228,17_3,Siddipet,2019-09-01,5103.0,44403848.0,0.0,0.0
1229,17_3,Siddipet,2019-10-01,5139.0,53915598.0,0.0,0.0
1230,17_3,Siddipet,2019-11-01,4666.0,38005955.0,0.0,0.0
1231,17_3,Siddipet,2019-12-01,5954.0,52786211.0,0.0,0.0
1232,17_3,Siddipet,2020-01-01,4755.0,38915554.0,0.0,0.0
1233,17_3,Siddipet,2020-02-01,5534.0,45706795.0,0.0,0.0
1234,17_3,Siddipet,2020-03-01,3711.0,33299677.0,0.0,0.0
1235,17_3,Siddipet,2020-04-01,78.0,143310.0,0.0,0.0
1236,17_3,Siddipet,2020-05-01,3107.0,27244759.0,0.0,0.0
1237,17_3,Siddipet,2020-06-01,5158.0,36195705.0,0.0,0.0
1238,17_3,Siddipet,2020-07-01,5047.0,43355386.0,0.0,0.0
1239,17_3,Siddipet,2020-08-01,3122.0,27329996.0,0.0,0.0
1240,17_3,Siddipet,2020-09-01,940.0,5839828.0,0.0,0.0
1241,17_3,Siddipet,2020-10-01,4.0,4400.0,0.0,0.0
1242,17_3,Siddipet,2020-11-01,3.0,3200.0,0.0,0.0
1243,17_3,Siddipet,2020-12-01,986.0,27752706.0,947.0,30725742.0
1244,17_3,Siddipet,2021-01-01,3867.0,44888287.0,3989.0,46725414.0
1245,17_3,Siddipet,2021-02-01,3383.0,67500024.0,3340.0,65177851.0
1246,17_3,Siddipet,2021-03-01,3369.0,44438539.0,3446.0,42040655.0
1247,17_3,Siddipet,2021-04-01,3943.0,55329837.0,4448.0,63340986.0
1248,17_3,Siddipet,2021-05-01,1289.0,16026009.0,985.0,12804207.0
1249,17_3,Siddipet,2021-06-01,2606.0,36753643.0,2941.0,38608750.0
1250,17_3,Siddipet,2021-07-01,3780.0,59350115.0,3810.0,61291921.0
1251,17_3,Siddipet,2021-08-01,2618.0,46892825.0,2579.0,45848925.0
1252,17_3,Siddipet,2021-10-01,2780.0,52619514.0,3016.0,56222908.0
1253,17_3,Siddipet,2021-11-01,3140.0,66192075.0,3125.0,64726460.0
1254,17_3,Siddipet,2021-12-01,4030.0,121626897.0,3939.0,115877153.0
1255,17_3,Siddipet,2022-01-01,3888.0,82190825.0,4578.0,105300788.0
1256,17_3,Siddipet,2022-02-01,3339.0,91021281.0,3142.0,93806277.0
1257,17_3,Siddipet,2022-03-01,4083.0,106225873.0,4205.0,88913539.0
1258,17_3,Siddipet,2022-04-01,3421.0,92665068.0,3303.0,90629017.0
1259,17_3,Siddipet,2022-05-01,3118.0,73149482.0,3175.0,68930568.0
1260,17_3,Siddipet,2022-06-01,3641.0,85919031.0,3008.0,85050270.0
1261,17_3,Siddipet,2022-07-01,4310.0,77540673.0,2886.0,79207847.0
1262,17_3,Siddipet,2022-08-01,2761.0,80566072.0,2898.0,83214225.0
1263,17_3,Siddipet,2022-09-01,3072.0,88961809.0,3069.0,92339915.0
1264,17_3,Siddipet,2022-10-01,2725.0,65936215.0,2913.0,67545703.0
1265,17_3,Siddipet,2022-11-01,3662.0,80145147.0,3612.0,80989255.0
1266,17_3,Siddipet,2022-12-01,4580.0,96346583.0,3825.0,89172598.0
1267,17_3,Siddipet,2023-01-01,3640.0,68253540.0,3406.0,83385619.0
1268,17_3,Siddipet,2023-02-01,4216.0,90711898.0,3441.0,97516445.0
1269,17_3,Siddipet,2023-03-01,5101.0,107437340.0,4753.0,98149368.0
1270,23_2,Suryapet,2019-04-01,2692.0,45800865.0,0.0,0.0
1271,23_2,Suryapet,2019-05-01,3460.0,53073454.0,0.0,0.0
1272,23_2,Suryapet,2019-06-01,3319.0,46934818.0,0.0,0.0
1273,23_2,Suryapet,2019-07-01,4709.0,70377544.0,0.0,0.0
1274,23_2,Suryapet,2019-08-01,4144.0,57763766.0,0.0,0.0
1275,23_2,Suryapet,2019-09-01,3335.0,53229881.0,0.0,0.0
1276,23_2,Suryapet,2019-10-01,2864.0,48430668.0,0.0,0.0
1277,23_2,Suryapet,2019-11-01,2756.0,47478958.0,0.0,0.0
1278,23_2,Suryapet,2019-12-01,3533.0,54070047.0,0.0,0.0
1279,23_2,Suryapet,2020-01-01,3236.0,48049633.0,0.0,0.0
1280,23_2,Suryapet,2020-02-01,4852.0,69919895.0,0.0,0.0
1281,23_2,Suryapet,2020-03-01,3046.0,46034033.0,0.0,0.0
1282,23_2,Suryapet,2020-04-01,188.0,3293465.0,0.0,0.0
1283,23_2,Suryapet,2020-05-01,2743.0,41541241.0,0.0,0.0
1284,23_2,Suryapet,2020-06-01,4299.0,48314427.0,0.0,0.0
1285,23_2,Suryapet,2020-07-01,4253.0,45734277.0,0.0,0.0
1286,23_2,Suryapet,2020-08-01,2927.0,37165592.0,0.0,0.0
1287,23_2,Suryapet,2020-09-01,738.0,8754881.0,0.0,0.0
1288,23_2,Suryapet,2020-10-01,5.0,5500.0,0.0,0.0
1289,23_2,Suryapet,2020-11-01,5.0,5505.0,0.0,0.0
1290,23_2,Suryapet,2020-12-01,1154.0,33456008.0,1355.0,38571467.0
1291,23_2,Suryapet,2021-01-01,4993.0,85323706.0,5017.0,82778338.0
1292,23_2,Suryapet,2021-02-01,3863.0,64695115.0,3876.0,59691195.0
1293,23_2,Suryapet,2021-03-01,3564.0,89918145.0,3756.0,93771841.0
1294,23_2,Suryapet,2021-04-01,2864.0,45286859.0,3125.0,48886580.0
1295,23_2,Suryapet,2021-05-01,1083.0,21806323.0,978.0,16786860.0
1296,23_2,Suryapet,2021-06-01,2777.0,45943674.0,3339.0,55359358.0
1297,23_2,Suryapet,2021-07-01,3969.0,80718337.0,4042.0,76322991.0
1298,23_2,Suryapet,2021-08-01,3061.0,80529989.0,3149.0,78220990.0
1299,23_2,Suryapet,2021-10-01,2427.0,72909289.0,2589.0,70342678.0
1300,23_2,Suryapet,2021-11-01,2256.0,65486984.0,2403.0,66807701.0
1301,23_2,Suryapet,2021-12-01,2895.0,80479329.0,3235.0,86968393.0
1302,23_2,Suryapet,2022-01-01,3327.0,93400275.0,3828.0,106625284.0
1303,23_2,Suryapet,2022-02-01,2880.0,86450101.0,2596.0,79605540.0
1304,23_2,Suryapet,2022-03-01,3199.0,104303613.0,3622.0,106924561.0
1305,23_2,Suryapet,2022-04-01,2817.0,83175309.0,2888.0,97563368.0
1306,23_2,Suryapet,2022-05-01,3163.0,110333900.0,3225.0,97243142.0
1307,23_2,Suryapet,2022-06-01,3160.0,97082946.0,3217.0,89855406.0
1308,23_2,Suryapet,2022-07-01,2776.0,78687279.0,2717.0,78735343.0
1309,23_2,Suryapet,2022-08-01,2330.0,78378002.0,2422.0,75675434.0
1310,23_2,Suryapet,2022-09-01,2474.0,70521636.0,2675.0,74735751.0
1311,23_2,Suryapet,2022-10-01,2427.0,71385785.0,2536.0,70971902.0
1312,23_2,Suryapet,2022-11-01,3120.0,94142762.0,3289.0,93708374.0
1313,23_2,Suryapet,2022-12-01,2854.0,81318532.0,3068.0,85311917.0
1314,23_2,Suryapet,2023-01-01,2930.0,74447848.0,3122.0,78392382.0
1315,23_2,Suryapet,2023-02-01,3314.0,94720880.0,3220.0,85806241.0
1316,23_2,Suryapet,2023-03-01,3296.0,91477690.0,3490.0,97232235.0
1317,15_3,Vikarabad,2019-04-01,2259.0,26570227.0,0.0,0.0
1318,15_3,Vikarabad,2019-05-01,2347.0,26915352.0,0.0,0.0
1319,15_3,Vikarabad,2019-06-01,2072.0,29390216.0,0.0,0.0
1320,15_3,Vikarabad,2019-07-01,2635.0,31158113.0,0.0,0.0
1321,15_3,Vikarabad,2019-08-01,2197.0,33431499.0,0.0,0.0
1322,15_3,Vikarabad,2019-09-01,2078.0,21904010.0,0.0,0.0
1323,15_3,Vikarabad,2019-10-01,2061.0,29631359.0,0.0,0.0
1324,15_3,Vikarabad,2019-11-01,1991.0,23161905.0,0.0,0.0
1325,15_3,Vikarabad,2019-12-01,2359.0,30804967.0,0.0,0.0
1326,15_3,Vikarabad,2020-01-01,1878.0,23127713.0,0.0,0.0
1327,15_3,Vikarabad,2020-02-01,2594.0,30642558.0,0.0,0.0
1328,15_3,Vikarabad,2020-03-01,1988.0,21851696.0,0.0,0.0
1329,15_3,Vikarabad,2020-04-01,157.0,645215.0,0.0,0.0
1330,15_3,Vikarabad,2020-05-01,1202.0,11190357.0,0.0,0.0
1331,15_3,Vikarabad,2020-06-01,2492.0,21296590.0,0.0,0.0
1332,15_3,Vikarabad,2020-07-01,2065.0,18569435.0,0.0,0.0
1333,15_3,Vikarabad,2020-08-01,2101.0,20456003.0,0.0,0.0
1334,15_3,Vikarabad,2020-09-01,388.0,3980640.0,0.0,0.0
1335,15_3,Vikarabad,2020-10-01,3.0,3300.0,0.0,0.0
1336,15_3,Vikarabad,2020-11-01,4.0,4520.0,0.0,0.0
1337,15_3,Vikarabad,2020-12-01,578.0,8169835.0,624.0,8571986.0
1338,15_3,Vikarabad,2021-01-01,1747.0,28628045.0,1792.0,29000326.0
1339,15_3,Vikarabad,2021-02-01,1437.0,20751052.0,1483.0,19907195.0
1340,15_3,Vikarabad,2021-03-01,1580.0,31719544.0,1620.0,31749674.0
1341,15_3,Vikarabad,2021-04-01,1287.0,17759965.0,1313.0,16762616.0
1342,15_3,Vikarabad,2021-05-01,353.0,6225242.0,332.0,5497733.0
1343,15_3,Vikarabad,2021-06-01,1140.0,19334338.0,1188.0,21226533.0
1344,15_3,Vikarabad,2021-07-01,1524.0,32843979.0,1646.0,32820156.0
1345,15_3,Vikarabad,2021-08-01,1334.0,34284292.0,1898.0,55454411.0
1346,15_3,Vikarabad,2021-10-01,1393.0,39568722.0,1273.0,32828538.0
1347,15_3,Vikarabad,2021-11-01,1271.0,35073808.0,1203.0,34889988.0
1348,15_3,Vikarabad,2021-12-01,1699.0,48997569.0,1590.0,48179813.0
1349,15_3,Vikarabad,2022-01-01,1896.0,50425061.0,2092.0,56742389.0
1350,15_3,Vikarabad,2022-02-01,1278.0,39164928.0,1260.0,33263794.0
1351,15_3,Vikarabad,2022-03-01,1664.0,49549636.0,1691.0,49760528.0
1352,15_3,Vikarabad,2022-04-01,1404.0,35732768.0,1452.0,36942980.0
1353,15_3,Vikarabad,2022-05-01,1460.0,48940065.0,1513.0,47492587.0
1354,15_3,Vikarabad,2022-06-01,1500.0,47477486.0,1499.0,47810409.0
1355,15_3,Vikarabad,2022-07-01,1291.0,47635696.0,1333.0,48449014.0
1356,15_3,Vikarabad,2022-08-01,1038.0,30174684.0,1091.0,29815444.0
1357,15_3,Vikarabad,2022-09-01,1188.0,37148394.0,1234.0,39346836.0
1358,15_3,Vikarabad,2022-10-01,920.0,27892204.0,955.0,29487573.0
1359,15_3,Vikarabad,2022-11-01,1235.0,43951677.0,1284.0,77098216.0
1360,15_3,Vikarabad,2022-12-01,1321.0,72749213.0,1353.0,37351018.0
1361,15_3,Vikarabad,2023-01-01,1118.0,31875190.0,1218.0,34139087.0
1362,15_3,Vikarabad,2023-02-01,1378.0,41844930.0,1427.0,43546323.0
1363,15_3,Vikarabad,2023-03-01,1520.0,48535604.0,1544.0,47283515.0
1364,14_4,Wanaparthy,2019-04-01,2355.0,19227636.0,0.0,0.0
1365,14_4,Wanaparthy,2019-05-01,2809.0,20217773.0,0.0,0.0
1366,14_4,Wanaparthy,2019-06-01,2527.0,17696126.0,0.0,0.0
1367,14_4,Wanaparthy,2019-07-01,3460.0,22968808.0,0.0,0.0
1368,14_4,Wanaparthy,2019-08-01,3091.0,22700059.0,0.0,0.0
1369,14_4,Wanaparthy,2019-09-01,2624.0,17206310.0,0.0,0.0
1370,14_4,Wanaparthy,2019-10-01,2576.0,16297175.0,0.0,0.0
1371,14_4,Wanaparthy,2019-11-01,2321.0,18429221.0,0.0,0.0
1372,14_4,Wanaparthy,2019-12-01,2495.0,20932006.0,0.0,0.0
1373,14_4,Wanaparthy,2020-01-01,2003.0,16030048.0,0.0,0.0
1374,14_4,Wanaparthy,2020-02-01,2762.0,21330798.0,0.0,0.0
1375,14_4,Wanaparthy,2020-03-01,2157.0,18193770.0,0.0,0.0
1376,14_4,Wanaparthy,2020-04-01,316.0,2317359.0,0.0,0.0
1377,14_4,Wanaparthy,2020-05-01,1741.0,10955503.0,0.0,0.0
1378,14_4,Wanaparthy,2020-06-01,3460.0,20685876.0,0.0,0.0
1379,14_4,Wanaparthy,2020-07-01,2421.0,14314199.0,0.0,0.0
1380,14_4,Wanaparthy,2020-08-01,2953.0,17381103.0,0.0,0.0
1381,14_4,Wanaparthy,2020-09-01,404.0,1399025.0,0.0,0.0
1382,14_4,Wanaparthy,2020-10-01,1.0,1105.0,0.0,0.0
1383,14_4,Wanaparthy,2020-11-01,0.0,0.0,0.0,0.0
1384,14_4,Wanaparthy,2020-12-01,428.0,9554012.0,457.0,9579862.0
1385,14_4,Wanaparthy,2021-01-01,2318.0,27666804.0,2461.0,27289704.0
1386,14_4,Wanaparthy,2021-02-01,1941.0,22259156.0,2016.0,22051415.0
1387,14_4,Wanaparthy,2021-03-01,2299.0,25221982.0,2422.0,25002780.0
1388,14_4,Wanaparthy,2021-04-01,1935.0,20806352.0,2006.0,21085087.0
1389,14_4,Wanaparthy,2021-05-01,233.0,3717639.0,287.0,3711965.0
1390,14_4,Wanaparthy,2021-06-01,1656.0,19264341.0,1760.0,19135225.0
1391,14_4,Wanaparthy,2021-07-01,1805.0,23088238.0,1913.0,22886646.0
1392,14_4,Wanaparthy,2021-08-01,1314.0,23947508.0,1406.0,24354095.0
1393,14_4,Wanaparthy,2021-10-01,1382.0,27753248.0,1416.0,27559323.0
1394,14_4,Wanaparthy,2021-11-01,1287.0,27596461.0,1316.0,26624927.0
1395,14_4,Wanaparthy,2021-12-01,1476.0,32867349.0,1493.0,33258428.0
1396,14_4,Wanaparthy,2022-01-01,2338.0,50976287.0,2465.0,52110450.0
1397,14_4,Wanaparthy,2022-02-01,1576.0,31646259.0,1641.0,31026244.0
1398,14_4,Wanaparthy,2022-03-01,2280.0,45022715.0,2294.0,44735926.0
1399,14_4,Wanaparthy,2022-04-01,1800.0,40005628.0,1840.0,40225341.0
1400,14_4,Wanaparthy,2022-05-01,1705.0,49330569.0,1736.0,49386186.0
1401,14_4,Wanaparthy,2022-06-01,1452.0,29412988.0,1455.0,29307998.0
1402,14_4,Wanaparthy,2022-07-01,1474.0,37222538.0,1509.0,37265917.0
1403,14_4,Wanaparthy,2022-08-01,1368.0,31720341.0,1407.0,32323792.0
1404,14_4,Wanaparthy,2022-09-01,1526.0,31238664.0,1557.0,31205059.0
1405,14_4,Wanaparthy,2022-10-01,1270.0,27008600.0,1277.0,26823357.0
1406,14_4,Wanaparthy,2022-11-01,1515.0,35171616.0,1560.0,35516032.0
1407,14_4,Wanaparthy,2022-12-01,1531.0,32841412.0,1612.0,33293028.0
1408,14_4,Wanaparthy,2023-01-01,1584.0,33370482.0,1618.0,34443499.0
1409,14_4,Wanaparthy,2023-02-01,1778.0,37497938.0,1776.0,46746999.0
1410,14_4,Wanaparthy,2023-03-01,1833.0,52326513.0,1898.0,43244413.0
1411,21_2,Warangal,2019-04-01,947.0,10639865.0,0.0,0.0
1412,21_2,Warangal,2019-05-01,1230.0,15030867.0,0.0,0.0
1413,21_2,Warangal,2019-06-01,1276.0,14677798.0,0.0,0.0
1414,21_2,Warangal,2019-07-01,1451.0,17966223.0,0.0,0.0
1415,21_2,Warangal,2019-08-01,1332.0,18341690.0,0.0,0.0
1416,21_2,Warangal,2019-09-01,1171.0,14836623.0,0.0,0.0
1417,21_2,Warangal,2019-10-01,1011.0,11442985.0,0.0,0.0
1418,21_2,Warangal,2019-11-01,974.0,15390223.0,0.0,0.0
1419,21_2,Warangal,2019-12-01,1252.0,20965877.0,0.0,0.0
1420,21_2,Warangal,2020-01-01,1049.0,13700735.0,0.0,0.0
1421,21_2,Warangal,2020-02-01,1139.0,16367430.0,0.0,0.0
1422,21_2,Warangal,2020-03-01,1122.0,17066492.0,0.0,0.0
1423,21_2,Warangal,2020-04-01,33.0,711680.0,0.0,0.0
1424,21_2,Warangal,2020-05-01,871.0,11619406.0,0.0,0.0
1425,21_2,Warangal,2020-06-01,1668.0,20612845.0,0.0,0.0
1426,21_2,Warangal,2020-07-01,1553.0,19450450.0,0.0,0.0
1427,21_2,Warangal,2020-08-01,1135.0,13378751.0,0.0,0.0
1428,21_2,Warangal,2020-09-01,279.0,2818601.0,0.0,0.0
1429,21_2,Warangal,2020-10-01,1.0,1100.0,0.0,0.0
1430,21_2,Warangal,2020-11-01,0.0,0.0,0.0,0.0
1431,21_2,Warangal,2020-12-01,292.0,6098924.0,280.0,6923601.0
1432,21_2,Warangal,2021-01-01,950.0,18594943.0,1009.0,20731077.0
1433,21_2,Warangal,2021-02-01,900.0,15494825.0,891.0,13478757.0
1434,21_2,Warangal,2021-03-01,1076.0,16698092.0,1123.0,18517366.0
1435,21_2,Warangal,2021-04-01,891.0,15607625.0,912.0,13998410.0
1436,21_2,Warangal,2021-05-01,250.0,3914733.0,215.0,3279027.0
1437,21_2,Warangal,2021-06-01,642.0,11696358.0,694.0,12260434.0
1438,21_2,Warangal,2021-07-01,773.0,15157231.0,861.0,15276247.0
1439,21_2,Warangal,2021-08-01,743.0,17734120.0,795.0,17942328.0
1440,21_2,Warangal,2021-10-01,725.0,15529770.0,725.0,15400161.0
1441,21_2,Warangal,2021-11-01,541.0,12005752.0,560.0,12146441.0
1442,21_2,Warangal,2021-12-01,648.0,15184534.0,707.0,16336369.0
1443,21_2,Warangal,2022-01-01,1169.0,32057800.0,1182.0,29632083.0
1444,21_2,Warangal,2022-02-01,527.0,12515224.0,578.0,13525775.0
1445,21_2,Warangal,2022-03-01,976.0,22753979.0,1064.0,23660304.0
1446,21_2,Warangal,2022-04-01,810.0,23073584.0,803.0,22857614.0
1447,21_2,Warangal,2022-05-01,795.0,22950907.0,866.0,22284377.0
1448,21_2,Warangal,2022-06-01,796.0,19641045.0,842.0,20282784.0
1449,21_2,Warangal,2022-07-01,791.0,20401003.0,831.0,21001687.0
1450,21_2,Warangal,2022-08-01,729.0,21221709.0,785.0,20858235.0
1451,21_2,Warangal,2022-09-01,874.0,21435284.0,864.0,20791822.0
1452,21_2,Warangal,2022-10-01,657.0,16078936.0,674.0,18223073.0
1453,21_2,Warangal,2022-11-01,851.0,24792956.0,897.0,22624725.0
1454,21_2,Warangal,2022-12-01,887.0,20785376.0,890.0,19938358.0
1455,21_2,Warangal,2023-01-01,765.0,17404420.0,864.0,20959433.0
1456,21_2,Warangal,2023-02-01,899.0,21021768.0,926.0,21296483.0
1457,21_2,Warangal,2023-03-01,1020.0,23471104.0,1016.0,20237995.0
1458,23_3,Yadadri Bhuvanagiri,2019-04-01,7413.0,113680902.0,0.0,0.0
1459,23_3,Yadadri Bhuvanagiri,2019-05-01,8787.0,161615746.0,0.0,0.0
1460,23_3,Yadadri Bhuvanagiri,2019-06-01,9280.0,106077226.0,0.0,0.0
1461,23_3,Yadadri Bhuvanagiri,2019-07-01,9448.0,134999011.0,0.0,0.0
1462,23_3,Yadadri Bhuvanagiri,2019-08-01,7865.0,113198332.0,0.0,0.0
1463,23_3,Yadadri Bhuvanagiri,2019-09-01,10060.0,151915060.0,0.0,0.0
1464,23_3,Yadadri Bhuvanagiri,2019-10-01,8233.0,120542910.0,0.0,0.0
1465,23_3,Yadadri Bhuvanagiri,2019-11-01,7154.0,101753131.0,0.0,0.0
1466,23_3,Yadadri Bhuvanagiri,2019-12-01,8624.0,119971816.0,0.0,0.0
1467,23_3,Yadadri Bhuvanagiri,2020-01-01,6260.0,88354661.0,0.0,0.0
1468,23_3,Yadadri Bhuvanagiri,2020-02-01,7896.0,114481607.0,0.0,0.0
1469,23_3,Yadadri Bhuvanagiri,2020-03-01,5699.0,93196149.0,0.0,0.0
1470,23_3,Yadadri Bhuvanagiri,2020-04-01,44.0,599955.0,0.0,0.0
1471,23_3,Yadadri Bhuvanagiri,2020-05-01,3256.0,45967439.0,0.0,0.0
1472,23_3,Yadadri Bhuvanagiri,2020-06-01,6348.0,100788159.0,0.0,0.0
1473,23_3,Yadadri Bhuvanagiri,2020-07-01,6403.0,81409172.0,0.0,0.0
1474,23_3,Yadadri Bhuvanagiri,2020-08-01,4865.0,78393418.0,0.0,0.0
1475,23_3,Yadadri Bhuvanagiri,2020-09-01,734.0,14760342.0,0.0,0.0
1476,23_3,Yadadri Bhuvanagiri,2020-10-01,1.0,1100.0,0.0,0.0
1477,23_3,Yadadri Bhuvanagiri,2020-11-01,0.0,0.0,0.0,0.0
1478,23_3,Yadadri Bhuvanagiri,2020-12-01,1891.0,96353374.0,2487.0,98656120.0
1479,23_3,Yadadri Bhuvanagiri,2021-01-01,7142.0,114656785.0,7388.0,126420264.0
1480,23_3,Yadadri Bhuvanagiri,2021-02-01,6306.0,110091375.0,6484.0,109054471.0
1481,23_3,Yadadri Bhuvanagiri,2021-03-01,7395.0,123865951.0,7713.0,118387423.0
1482,23_3,Yadadri Bhuvanagiri,2021-04-01,6310.0,92841579.0,6473.0,95086207.0
1483,23_3,Yadadri Bhuvanagiri,2021-05-01,2039.0,38327504.0,1995.0,33281833.0
1484,23_3,Yadadri Bhuvanagiri,2021-06-01,4484.0,62799321.0,4877.0,69270361.0
1485,23_3,Yadadri Bhuvanagiri,2021-07-01,6733.0,147871036.0,7041.0,150448956.0
1486,23_3,Yadadri Bhuvanagiri,2021-08-01,4831.0,163372028.0,5179.0,165699671.0
1487,23_3,Yadadri Bhuvanagiri,2021-10-01,4395.0,166735167.0,4650.0,167608146.0
1488,23_3,Yadadri Bhuvanagiri,2021-11-01,5347.0,219058139.0,5548.0,164236595.0
1489,23_3,Yadadri Bhuvanagiri,2021-12-01,5929.0,153961808.0,6095.0,153765224.0
1490,23_3,Yadadri Bhuvanagiri,2022-01-01,7001.0,192510226.0,7652.0,200414542.0
1491,23_3,Yadadri Bhuvanagiri,2022-02-01,5370.0,161878005.0,5376.0,156411004.0
1492,23_3,Yadadri Bhuvanagiri,2022-03-01,6540.0,220235465.0,6841.0,260377026.0
1493,23_3,Yadadri Bhuvanagiri,2022-04-01,6279.0,226546587.0,6536.0,229338699.0
1494,23_3,Yadadri Bhuvanagiri,2022-05-01,5752.0,180066950.0,6061.0,197003851.0
1495,23_3,Yadadri Bhuvanagiri,2022-06-01,5721.0,222947172.0,5856.0,174685831.0
1496,23_3,Yadadri Bhuvanagiri,2022-07-01,5079.0,176853882.0,5334.0,173818740.0
1497,23_3,Yadadri Bhuvanagiri,2022-08-01,4784.0,160480505.0,4979.0,169036786.0
1498,23_3,Yadadri Bhuvanagiri,2022-09-01,4949.0,154515218.0,5131.0,146150765.0
1499,23_3,Yadadri Bhuvanagiri,2022-10-01,4094.0,124787453.0,4232.0,125033422.0
1500,23_3,Yadadri Bhuvanagiri,2022-11-01,5334.0,166902177.0,5476.0,168772405.0
1501,23_3,Yadadri Bhuvanagiri,2022-12-01,5176.0,167334275.0,5312.0,166377762.0
1502,23_3,Yadadri Bhuvanagiri,2023-01-01,4676.0,155087383.0,5032.0,197930372.0
1503,23_3,Yadadri Bhuvanagiri,2023-02-01,4932.0,259411612.0,5061.0,259392115.0
1504,23_3,Yadadri Bhuvanagiri,2023-03-01,5308.0,172547389.0,5606.0,177729919.0
